Class,Probability,RA,Dec,BP-RP,G,Parallax,Absolute Magnitude,Source ID
Eclipsing Binary,0.6,14.167415643648187,55.483077920521,1.5530205,17.69935,4.38968484122367,10.911516705275822,423457627625176192
CV,0.9983333333333332,12.2562861924581,56.87866843759875,0.9946537,18.063965,2.707066401083156,10.226459543112464,423864245075612416
CV,0.985,294.8435507774995,66.89658655290378,0.5565796,19.243423,1.0799818548341966,9.410505294047796,2248871921597696256
Subdwarf,0.7833333333333333,294.8854846828995,67.58946528556712,-0.32534122,14.800949,0.705266155306071,4.042714215930149,2248962562587900032
CV,0.575,297.25575939550504,67.50155413383202,0.022094727,18.02672,1.3528950173214107,8.683040486436187,2249098833310553728
CV,0.605,43.90872625452659,-22.7841796423204,0.31957245,17.160236,4.921864601154703,10.620884311177493,5078976609103251456
ZZ Ceti,0.91,298.9928163092951,68.45974769532745,0.010101318,18.45461,4.953094112099902,11.928992899731949,2250747615418035712
CV,0.7916666666666666,57.96448286458459,-26.04893118998421,1.0332661,17.366137,1.6335850603007789,8.431845764940295,5082671719789935616
CV,0.8,52.06627911729098,61.42150813677828,0.48076248,18.221724,4.059723717330351,11.264206394337142,462713869228951424
CV,0.5183333333333333,267.5485497686546,-16.45781317930265,3.0482807,19.357697,8.050119368916995,13.886708601142203,4147857244412628352
CV,0.855,31.992999408476063,48.57537037719286,0.24722958,13.809433,2.3056358213195947,5.62338655451253,358062837831128064
CV,0.9983333333333332,329.8160699008543,61.0890078877504,0.8243084,18.96557,2.219366381113585,10.696715015354156,2203244624288543744
CV,0.9883333333333332,330.9876277831873,61.53886511240264,1.7090015,18.390034,2.3288769672934264,10.22576672855376,2203373473312011008
CV,0.83,116.52854871082134,-21.543089892692468,0.44674492,16.794903,0.6070011856730042,5.71085069698041,5712185733507082240
CV,0.8233333333333334,119.03777311115996,-20.84170527935293,0.113082886,16.283728,0.4727100221147887,4.656702050260174,5712447314192763648
CV,0.6633333333333333,121.00806002244954,-21.30887671766816,0.37242126,17.000807,1.879045255021143,8.37049319898396,5712922371936446080
CV,0.9983333333333332,334.6231444665586,39.81041389017215,0.74975777,17.854582,1.017225224810348,7.891667605631367,1956939627235448704
Subdwarf,0.8133333333333334,305.77353902624355,16.81498472124551,-0.23837471,15.743784,0.700046820887008,4.9694194384488135,1808931377726170368
CV,0.9583333333333334,304.7302971493771,16.610965963109173,0.27309704,16.180809,0.7725371489790712,5.620405862547175,1809050880897877888
CV,0.835,293.7115854741145,37.37667399140037,0.12667465,19.638813,3.0136912805922487,12.034306807905228,2051970241137323008
CV,0.995,292.6716745116124,40.87362357175317,0.48324585,15.46111,1.297609710140678,6.026830433737132,2053553885771329280
CV,0.8416666666666667,18.17688519751041,58.46590399979441,0.90200424,17.974312,2.746114057057237,10.167904856276966,414071753997318272
Eclipsing Binary,0.7966666666666666,11.259829641209349,50.56895872032538,-0.0718174,17.59766,1.794901890050472,8.867863574392919,414813439007636352
CV,0.5566666666666666,44.41870479894303,33.468980061042366,1.6618614,18.918629,4.132126779846918,11.99949718929027,136889369456934912
CV,0.7383333333333333,48.464216924115405,37.85258077952322,2.7744293,19.893494,8.586062798217256,14.562464302862155,139329494996974208
CV,1.0,41.50990847018331,34.9189079239568,0.8156071,18.182487,1.4480663798806173,8.986429352658881,140033495973219712
ZZ Ceti,0.9383333333333334,42.12627022903918,37.42378203996374,0.045923233,17.190716,8.412958555419204,11.815459747325535,141730416074813312
Subdwarf,0.82,84.32928559624953,34.42062397562386,-0.0048151016,15.316966,0.7505826372295924,4.6939585696193085,3449621937199851648
CV,0.8483333333333334,153.78901956857908,-3.142490545380002,0.23054218,14.368378,1.6098701288695596,5.402332210624198,3828660708104028032
CV,1.0,341.0242606524957,43.75897659897485,0.11285591,16.560894,0.7230730988534295,5.856805021907828,1934177606236303744
ZZ Ceti,0.8933333333333333,138.16765989963812,0.5647975911815191,0.061231613,16.879951,9.640922980792766,11.800544066960716,3843303175034188544
ZZ Ceti,0.67,19.081289461869243,57.00809512574648,0.1483078,17.609655,7.062888907993459,11.854566876488134,413322333748126592
Subdwarf,0.7533333333333333,102.27933524761556,1.635154090585459,-0.06573486,14.780212,0.7999457757217059,4.295514746816128,3126136549635234560
Eclipsing Binary,0.55,108.18344277162991,-22.979271212210485,1.1750965,17.321903,1.65928763659024,8.42151138628814,2927924221248437376
Eclipsing Binary,0.59,302.92670888616374,22.40272484729396,1.7750092,18.58576,2.4399074547363315,10.522626769686344,1829858412603120128
CV,0.9566666666666668,269.49187507323234,4.458993615413759,0.69514275,16.273277,2.4035271563132183,8.177522166898642,4472788803304480896
CV,0.9033333333333332,282.5558294088516,24.37226123507026,0.56757736,17.446157,3.027895002041307,9.8518610555525,4534129393091539712
CV,0.7983333333333333,79.08613994042868,-16.559928437807823,0.40153503,15.300489,1.202881470162485,5.701603174145152,2983108331879225344
CV,0.7633333333333333,78.84056892383323,-12.00067904216438,1.0414982,19.017511,2.535473596036056,11.037806461215853,2989076893311254912
CV,0.7666666666666667,79.16423158660774,-10.53727401551276,0.24176407,16.620928,0.8335278606136358,6.22552860335489,2990095865712197632
Eclipsing Binary,0.52,53.80325061933822,65.21435772372612,2.053749,19.557013,4.650704293676418,12.89460663293998,488463027101465728
CV,0.9933333333333332,302.5215415310653,13.050136866731291,0.70326614,17.573004,1.8377909462110376,8.894484538322745,1803110666252889856
Subdwarf,0.8033333333333333,302.488916166057,-7.138819703394085,-0.24018288,14.62451,0.7038987303975084,3.862060909395602,4216730794514795264
Subdwarf,0.6366666666666667,177.14896575566507,-10.918952783062178,1.2965775,17.67297,2.740532969376902,9.862145155617691,3587255989558364928
ZZ Ceti,0.8433333333333334,181.00769920649347,-6.891522159297001,0.0017318726,17.231825,9.4363680570563,12.105849359049577,3594834132936380032
ZZ Ceti,0.6583333333333333,182.55201538085865,-6.227239551298027,0.13220024,18.54458,4.293741547224309,11.708759497203044,3596253907389256576
CV,0.5066666666666667,174.458153115427,-20.12698386016816,0.25582314,18.844744,4.248551638594853,11.985948506049466,3541998025080414336
CV,0.995,331.21114625040207,40.14403215835757,0.55682564,18.497786,2.230458058221049,10.239756305665766,1956566510538468224
CV,0.9333333333333332,302.899384067626,-2.227942390189703,1.3053112,18.436121,2.3769775809791485,10.316246427986798,4223502720986764672
Eclipsing Binary,0.7433333333333333,355.2253058130946,50.21234681551103,0.09853172,18.433147,5.8562024555502425,12.271227411809434,1943751221480379648
Subdwarf,0.6633333333333333,285.53464947279195,36.65131248035239,-0.47627735,13.967787,1.8305978644040133,5.280751756867678,2093016869918710528
ZZ Ceti,0.9533333333333334,353.7229693192362,50.03531832807187,0.029809952,17.072554,8.733454526759706,11.778484316552582,1944442608134953472
Eclipsing Binary,0.9966666666666668,282.7620828690437,36.38369203301404,1.5973015,18.983074,1.9496838242028385,10.432894942614336,2093527554411239680
ZZ Ceti,0.92,354.8381544810346,51.40251494711936,0.02781105,16.804506,9.925155944158872,11.788192695642074,1944856063168152832
Subdwarf,0.79,277.8794789206832,34.17648993514447,-0.32443047,15.416277,0.5392240729423345,4.075123362301063,2094510075427245568
CV,0.8383333333333334,122.37125480667277,5.057282369133343,0.07450962,15.688523,0.6689222777840181,4.815401299673141,3094972473091480192
ZZ Ceti,0.545,119.16703550996304,4.087916381596226,0.124946594,18.707993,4.18809949566908,11.818077952792834,3095176290760980096
CV,0.99,271.4430964615811,31.67158823418226,0.83316994,18.80728,1.9182485268943616,10.221804366797327,4603249396989829376
Eclipsing Binary,0.5233333333333333,293.03116399487334,19.946782393043367,3.0931988,19.692614,16.068912396215367,15.722546415457456,1825503010864075008
Subdwarf,0.62,271.3883437326165,36.98689499477605,-0.37268925,15.647449,0.4274384562514847,3.801816963338778,4606615865372602752
Subdwarf,0.8633333333333333,234.2511656241924,-22.69683472388856,-0.21896362,14.961846,1.0457530267260426,5.058991651171377,6240955787422166656
CV,0.9116666666666666,242.8650045108691,-22.72608584558964,1.9393177,18.126938,7.167608721427598,12.40380944618676,6242642330885466752
Eclipsing Binary,0.5966666666666667,29.21778746402388,-27.85615890367472,0.846035,18.84404,9.063886317255289,13.63061224900622,5024426053381340288
ZZ Ceti,0.5283333333333333,25.677462716910025,57.01126631971171,0.14339828,18.39086,5.620618444279355,12.139780521048912,505831217714392960
CV,0.965,26.372844380898005,58.56817997781453,0.7653446,18.29175,1.496125289102662,9.16658981953912,506068849664990720
Subdwarf,0.6033333333333334,28.054784553382664,59.02502512397794,0.024961472,15.274177,1.058499166194131,5.397629601255517,506328957187371776
CV,0.9916666666666668,285.44077149398913,-13.82354256119444,0.77059174,17.631641,3.455436969677433,10.324155877248504,4101618524182811904
Eclipsing Binary,0.6133333333333333,282.45265327344623,-14.75981446925898,2.3582249,19.538614,7.799955482226228,13.999074619940432,4101783382212028032
Subdwarf,0.74,134.27542307210396,-11.563607812299992,-0.3769703,14.974215,0.802327484917423,4.495973349293154,5736737896863648000
ZZ Ceti,0.9183333333333332,217.31001403661512,17.53861011274648,0.0397892,17.815592,6.268651614563758,11.801462671194455,1235533276400203776
CV,0.9716666666666668,31.00458633071648,43.69235436828524,1.1264,17.91477,3.3583384843095745,10.545392331046346,346478795636689024
ZZ Ceti,0.6566666666666666,26.60504080842529,40.97640830692072,0.13152504,18.02383,5.177406338590982,11.59439125535422,347421863079033088
Subdwarf,0.84,287.40728241858955,32.99989650311847,-0.39509487,15.377465,0.4740948295526449,3.7567910947871503,2043350039912047232
Eclipsing Binary,0.5666666666666667,21.967345671603702,-22.87033063109229,-0.1547184,18.45436,3.4024569644821114,11.11332320397474,5042184162602628608
CV,0.7533333333333333,285.71161395870485,27.1095960283012,0.26177216,16.388655,0.4640887304998359,4.721660112713996,2036969672712238976
Subdwarf,0.95,285.5406373476812,31.95058368178808,-0.27287102,15.822973,0.5229190574847903,4.415145348655491,2043538846670676864
Subdwarf,0.88,312.8940334569095,23.085562779376225,-0.38771343,15.365955,0.6702278727987374,4.497067424501468,1842141026928957184
CV,0.6316666666666667,286.6485135446486,28.12196714074268,-0.121305466,15.643991,0.6370144061113754,4.664737270184837,2037415700780608128
CV,1.0,313.4910270376185,23.568336213601714,0.81300354,17.76319,1.5886424451962606,8.768320809033192,1842553511290318464
CV,0.9966666666666668,287.5583682053371,29.10382543845644,0.7673168,18.937534,1.1860057143573508,9.307967907653389,2037590591849681152
CV,0.9983333333333332,311.54920666985254,24.34921150716769,0.46666145,17.011082,0.8598971523900609,6.6833145537730445,1843254106354614272
Subdwarf,0.5966666666666667,349.53046676782105,28.58290288281269,0.3408003,15.45875,1.0815216720485643,5.628926132314296,2845910240171925632
ZZ Ceti,0.905,184.33682383350728,25.7360914072994,0.03327751,17.790361,6.4508741278326776,11.838453839201286,4002567743555141760
CV,0.6633333333333333,286.86926262594955,-24.50870894685726,1.0782452,18.430904,2.4465109117765294,10.373639785568212,4080263014746617344
CV,1.0,109.51387825301732,64.7957559660723,0.5533924,18.128752,1.4697462661699707,8.964963827776126,1101345166494742400
Subdwarf,0.7733333333333333,104.3900160970045,68.08058706422112,-0.4227867,13.420429,1.8810868829616767,4.792473275251682,1103153042786918912
CV,0.9483333333333334,99.09548202177746,65.904100411107,0.64910316,18.64255,2.251493253725571,10.404903250000984,1104056493449217280
CV,0.9783333333333334,139.53655587340538,-5.626057267571362,0.14286041,16.399197,0.5590681928356714,5.136520922848566,5758451391790679168
CV,0.9966666666666668,134.16787612894026,-4.077709772369024,0.36735535,17.686602,1.3006639569563967,8.257427527808574,5761140728513144192
ZZ Ceti,0.865,96.3179839025962,14.932801368540572,0.0446167,17.464283,7.735351511047432,11.906683268806272,3356726158272880768
CV,0.8166666666666667,302.8201066192434,60.07445665876322,0.40700912,17.30277,0.6925137994876148,6.5049121593077945,2236896418906579072
CV,0.595,300.72589030977497,15.996098079498738,1.2781696,17.781515,2.5139638502880945,9.783310142140945,1808077057185851008
Subdwarf,0.6566666666666666,290.99152649897485,60.89194547487156,-0.32049656,15.985681,0.5093946119673974,4.520952734889031,2239688078928006016
Subdwarf,0.56,125.9760857893687,-11.111104386740438,-0.42101383,15.224274,0.8046417746759118,4.752286880675779,5751392252263076608
ZZ Ceti,0.8966666666666666,208.1956318665517,-4.693685716473217,0.05647278,17.400188,7.647923105599736,11.817905563847017,3656923687699486720
Subdwarf,0.5366666666666666,206.9308215717245,1.4170259193969583,0.15989399,15.460374,0.5972917322303546,4.341306516213297,3664813856154325760
Subdwarf,0.52,129.05426312130405,-8.039949194939364,-0.36705208,15.280132,0.5069610030159253,3.805004766820833,5753841281270433536
Subdwarf,0.7833333333333333,238.52984986103792,-19.30999987574315,-0.24798107,15.372406,0.5711418294178199,4.156125841448011,6247867798552835584
Subdwarf,0.6933333333333334,352.95870155401553,53.78369694866213,-0.14645195,14.09673,1.4201193461313224,4.858354219057071,1994254131308044800
Subdwarf,0.7733333333333333,139.46611099757217,-25.330894632564235,-0.29544544,13.680717,1.812149002803136,4.971686521987367,5650383937246220544
Subdwarf,0.6066666666666667,358.1411675119114,56.406799679161,-0.036789894,15.740151,0.6245120586471847,4.717855142721074,1995029218290321024
Subdwarf,0.7066666666666667,329.2756174533241,33.13654033893058,-0.3256817,13.385217,2.1033561228408946,4.999781050285817,1947819006485146496
CV,0.975,240.94205667792104,19.594395218504182,0.35661125,18.712383,4.25078886544562,11.854730671566877,1203263915795342336
Eclipsing Binary,0.9233333333333332,330.568905238086,36.511208829237454,1.075367,17.737469,2.445522066519061,9.67932692957965,1948852822293216896
Eclipsing Binary,0.5433333333333333,266.5246988673232,-3.1662630743020035,0.6034441,15.987483,1.2122551385928793,6.405453168548254,4176942419339829504
CV,1.0,76.91988877342281,-9.22715230669806,0.5424118,18.613432,2.0442548594825056,10.16610719402344,3182850042290304768
CV,0.965,336.26921802374017,37.80030016768342,0.7849159,17.968714,3.085867871564543,10.41560063410731,1908453535271897344
Subdwarf,0.8433333333333334,69.85042760020215,-7.5947605226506845,-0.23320484,14.6109495,0.9832060591860616,4.574172231526667,3186259151107456896
Subdwarf,0.6033333333333334,226.16882893887592,19.37927767222539,0.35019588,16.572395,2.529046018025635,8.587178658767844,1212921033795962368
Subdwarf,0.66,18.470838804442803,50.08699905818352,-0.093790054,14.954076,1.0214419969692736,5.0001445503323545,403506130145627008
ZZ Ceti,0.9083333333333332,60.96807127564482,-12.144253909346578,0.1084137,18.157173,5.12923242215714,11.70743489401597,3189894682008418816
CV,0.9933333333333332,349.788286658834,33.261007648512106,1.2946148,18.395613,1.6355980825930954,9.463995963802155,1910583495451438720
ZZ Ceti,0.8766666666666667,120.89076072398088,-9.118309186611052,0.07460022,17.692997,7.163287209184916,11.96855882187126,3039398650000089472
CV,0.7733333333333333,27.07107402432517,51.02130894932157,0.50001144,18.102753,1.543310914128673,9.045020137406382,406056486024031872
CV,0.995,26.451905300580524,51.72182512487779,0.4688797,16.331713,3.207028210949069,8.862226901303604,406158049112734336
Subdwarf,0.73,141.14553297069702,-20.49358000080332,-0.4373045,14.916137,0.5750665305876873,3.71472745993208,5676489916701604608
CV,0.925,125.27175270004211,-17.705866260385346,1.1661806,16.526777,2.399911978944832,8.42775356739227,5720164855021055744
ZZ Ceti,0.595,140.6992423594488,-17.66607841968434,0.11327934,17.800718,6.3532031178034885,11.815681701775546,5681746853591389568
Subdwarf,0.8,126.50486093480669,-16.337054956011837,-0.33281994,15.780068,0.4795122168499541,4.184066382277232,5721905549430390528
ZZ Ceti,0.8766666666666667,139.84113741285745,-18.288633392010617,0.03170204,17.572575,7.105519040559605,11.830554037790112,5681606833363339392
CV,0.6616666666666666,274.74517879000643,-21.97562430678099,2.2149677,18.908463,6.266521337592157,12.893595613932604,4090621273398423168
CV,0.5516666666666666,260.7963322582407,17.969162473334606,-0.38905716,14.648825,1.0207979228356998,4.693523888282813,4553448465214622848
CV,0.9983333333333332,260.6492546946297,18.086554272270583,0.50208664,18.423918,2.0937276867260155,10.028518980212898,4553500210980651904
Eclipsing Binary,0.8266666666666667,182.84456057041305,-23.67569210405487,1.6282692,17.944414,2.6179854018454223,10.034250102755014,3489840732511518464
CV,0.985,348.2505601196196,56.85562751119725,0.77788734,18.93542,2.686313974977871,11.081203857060602,2009453638310986752
Subdwarf,0.8333333333333334,105.36544272425512,4.392625014314967,-0.26135063,14.47094,1.1252310395260323,4.7271485184120845,3128424976927828864
ZZ Ceti,0.85,328.804363711646,63.18300323626667,0.00948143,17.672216,8.812360767490215,12.397677341691807,2216491579042731776
CV,0.9966666666666668,306.0363370449651,45.297013774412825,0.8723316,18.942759,1.1905670071164696,9.321528216268517,2082928026107003008
CV,0.6816666666666666,274.73407999015285,-21.752148419995727,1.7361164,19.340137,9.771861987596244,14.29002362304166,4090660168610004608
CV,0.675,274.09665732029293,-21.964461697406787,1.545042,19.171122,7.52939775179009,13.554923200037802,4090726998236654592
CV,0.86,273.8302409222054,-21.78191908694484,0.9180832,18.4543,2.5381322648292697,10.47687124952786,4090745311959098752
Subdwarf,0.7933333333333333,319.3271604942347,37.03935568974256,-0.28220654,15.218627,0.677182880713017,4.372156852723128,1867863242474413056
Subdwarf,0.8933333333333333,101.77574738873965,50.53913998424132,-0.3418951,15.298785,0.6009223362596445,4.192876735110493,991637446760364288
Subdwarf,0.8133333333333334,101.6016211193621,51.90478058364037,-0.30329418,14.757909,0.8031129553203447,4.281792158662322,991810310604240384
CV,1.0,99.22938929121187,55.96117902800235,0.572176,17.994923,2.2280575516113155,9.734555023227507,995076439957933696
Subdwarf,0.67,96.20391649190393,51.93048884174716,-0.21490479,15.823362,0.4721394146676717,4.193713286398596,995329916043197952
CV,0.665,92.81519188210474,55.73546338486568,0.5239601,16.631304,0.7178382783328942,5.911437065650008,997204613432591616
Subdwarf,0.5266666666666666,93.19718750208014,-17.675111752299724,-0.2405672,13.994193,1.1983099016632566,4.387038739587954,2943004023214007424
Subdwarf,0.5166666666666667,254.8972820901177,-17.223966643645138,0.15099907,16.054195,0.4963392487204575,4.533088094994779,4132826959121759872
Subdwarf,0.7766666666666666,255.0176552498276,-16.581087952912256,0.022953033,14.673165,1.1135876310792985,4.906786992331712,4132887294822900608
Subdwarf,0.7466666666666667,103.36825011607698,-9.79778061133522,-0.46597767,13.492115,1.8176348346322653,4.789648186416738,3050231661335769088
CV,0.9383333333333334,348.3785106230941,16.904661467514085,0.6174736,17.253855,1.8253167235807888,8.560546164151473,2818311909906928384
CV,1.0,297.1967303155437,57.15622774532453,0.6685562,17.115505,2.1010726687831163,8.727710366993442,2235124349761327232
Subdwarf,0.77,298.21190501397507,58.14364244977356,-0.43195057,14.483934,1.0528182001530697,4.595700920092407,2235556213015091456
CV,0.9983333333333332,301.0394275151594,59.197935808104,0.8089981,18.147797,0.746384663432458,7.512610535156014,2236431600365412992
ZZ Ceti,0.8966666666666666,19.59481687868281,18.10623890915863,0.06664467,18.509716,4.179000953623695,11.615078351235551,2785614770555316352
CV,0.9966666666666668,265.23463765993137,2.975441361714561,0.8388233,17.808947,1.0791089717804392,7.974273516525267,4376325246582929920
ZZ Ceti,0.9366666666666666,2.659523126360726,17.651742103230614,0.06851196,17.76528,6.23069654660052,11.737963001703038,2796821959433536640
Eclipsing Binary,0.6866666666666666,4.6255305033751934,43.054883640303615,-0.081213,18.966473,3.044907629024402,11.38434361158754,385190023070259712
CV,0.9966666666666668,75.87609158157613,20.14634904960004,1.8007355,18.705467,2.7801076016620287,10.925775026179792,3408745152893388800
CV,0.6516666666666666,9.387559879922556,44.66397968126672,2.0422554,20.414007,29.32190854556889,17.74996817429175,387853826211382272
Eclipsing Binary,0.6233333333333333,6.759252575231481,45.073266649687326,2.6676579,18.542423,10.916537801595712,13.732847614886705,388823183149271808
Eclipsing Binary,0.5733333333333334,11.485446946961972,43.701316292564506,0.66057396,20.032652,6.238060851566973,14.007900034672836,387879836532257024
Eclipsing Binary,0.6566666666666666,11.35839731814322,43.808359757880886,0.3662529,19.847904,4.700011111172561,13.208398423205423,387887189516436480
Eclipsing Binary,0.5433333333333333,6.460163027379933,45.51537468038332,0.70814514,19.639061,8.846699251652728,14.372967317227785,388839469666157696
Eclipsing Binary,0.5233333333333333,11.151890434373444,43.9308686040064,2.081499,19.694576,13.519166434154814,15.349325573336092,387903377249757312
Eclipsing Binary,0.69,11.519965903294556,44.14838401304349,0.5781536,20.119164,5.915083129300858,13.978968262438476,387921240017552000
Eclipsing Binary,0.8066666666666666,11.615980135509623,44.2564435197611,-0.07193756,18.310617,4.75482540634151,11.69628987297646,387923267242242432
Subdwarf,0.8933333333333333,308.8431937181488,2.3395093013480315,-0.3075819,15.881558,0.6226562426007987,4.852799732936996,4232453020512565376
CV,1.0,60.71985262642933,43.92900757879581,0.92988014,18.150219,1.7992086089379862,9.425626602326068,233133230009660800
ZZ Ceti,0.79,4.719143231377407,44.010658009866006,0.09853363,18.49571,5.079643697059328,12.024876252533872,385333608121091840
CV,0.715,4.202065706488509,42.66248073582536,2.9323273,19.578293,6.6317828713752185,13.686444493540948,385339591010133120
ZZ Ceti,0.9216666666666666,23.83734262836121,8.470500812606776,0.059671402,17.06059,8.82771342792161,11.789831131571107,2572682768899661312
ZZ Ceti,0.5183333333333333,25.828748066538257,10.33551704348259,0.27058792,18.262451,5.267997240373332,11.870678693928848,2573296944928207360
ZZ Ceti,0.8783333333333333,7.219060667784809,45.86470625738838,0.059984207,18.89117,3.8166068421942767,11.799557122695806,388919871452908032
ZZ Ceti,0.5416666666666666,3.8056346360515487,43.255736272906745,-0.02863884,18.620325,3.51328689557794,11.34889307898992,385369827581431040
CV,0.6583333333333333,4.062755625581474,43.45578776961093,2.1887245,20.286564,14.446478381774666,16.08537396011308,385389477055827328
CV,0.9266666666666666,21.53247482498244,12.180317697242591,1.1054344,18.851645,4.326073338482179,12.032114388076788,2586433428820493952
CV,0.94,133.78088633867628,-21.30266379315852,0.73934174,18.463118,1.005258227997968,8.474506182361393,5655877711517333888
ZZ Ceti,0.9416666666666668,24.241449225927443,16.640819819713624,-0.019908905,18.338152,5.152440483893047,11.898216919610825,2592501770932735488
ZZ Ceti,0.7816666666666666,6.860312273254477,43.35846081598116,0.006067276,18.212835,5.622411795529165,11.962448254717591,382579675090760448
Eclipsing Binary,0.74,6.844014796637255,43.48421082265857,0.60635567,19.644875,5.450525371695439,13.327066827925922,382586512677616640
ZZ Ceti,0.5966666666666667,11.793752028611,44.90612264494708,-0.090070724,18.812815,4.393684010681995,12.026959098434702,388058713330720256
CV,0.6683333333333333,8.854484764818475,45.630623758132415,2.963602,19.490788,6.484177270531295,13.550062397447126,389040547151355904
CV,0.8966666666666666,45.29009498868104,57.66504054276813,0.4273796,18.802084,5.289127504546329,12.419004183226356,461065632581058816
Subdwarf,0.7866666666666666,273.85155838536804,44.58605148774881,0.021514893,16.136694,0.4706390752146205,4.500133910051993,2115307269144023040
Eclipsing Binary,0.7233333333333334,5.527298238584462,44.03392963137098,0.9031105,19.884418,8.217540336729758,14.45812722271334,385661915420784896
CV,0.775,293.286208854673,9.832152965473034,0.062849045,15.98381,0.4182133956856069,4.0907996973959175,4302463770622668800
CV,0.6616666666666666,7.0087743095773325,43.57187516396884,3.0403633,20.06894,13.031658465889668,15.643938447231566,382670762756062720
Subdwarf,0.58,306.20710023076697,21.45280744348762,-0.27430248,14.164822,0.8616217609286739,3.8414052943692023,1817158988879945600
Eclipsing Binary,0.7266666666666667,7.88288797980206,46.25566038138626,0.969244,19.758684,8.761353239810974,14.471539952754297,389128744302965760
Subdwarf,0.5333333333333333,9.923457896329,44.45862375910074,0.8214636,16.372025,1.54938147353571,7.322816793298376,388171932964474624
Subdwarf,0.5966666666666667,9.071626351778082,46.19157080008254,0.8912306,17.24749,1.3300840829574978,7.86688548156555,389151666546171136
ZZ Ceti,0.525,8.978294525748725,46.2515744349134,-0.13189316,19.37623,2.75715771595877,11.578538047452192,389155029503325184
Eclipsing Binary,0.7833333333333333,6.803177732432943,44.300964400183005,0.78549385,20.259254,6.22179401171374,14.228832142946564,382725360381120384
ZZ Ceti,0.8683333333333333,6.786780782339815,44.36398174637564,0.053049088,18.504803,6.920742329380721,12.705566400219617,382731618150879616
CV,0.9283333333333332,269.5259761393631,81.33581094502554,0.8281822,19.085442,1.4614090016786627,9.909300890464532,1709872247709448064
CV,0.5316666666666666,211.64675269573465,74.31677553589897,0.22964573,15.564553,1.6375277203363892,6.635496302669431,1711956376295435520
Subdwarf,0.5433333333333333,6.445004258135619,44.13682447320692,1.1620703,17.100336,1.578151288378537,8.091079171041764,382748935456482816
ZZ Ceti,0.5033333333333333,5.358331943217143,44.90540322848471,0.44281006,19.045425,7.719371701108544,13.483334767322532,385795299925641600
Subdwarf,0.6733333333333333,186.57109896497923,77.71999275897365,-0.29640484,13.460604,1.4347725711726205,4.2445193279544124,1717096971112728448
ZZ Ceti,0.5316666666666666,231.17105628639885,80.83699456232908,0.05866623,18.369669,4.989036550549431,11.859752428338702,1721066238153407872
CV,0.6783333333333333,258.5652853656442,26.20316414936364,0.93213844,16.700708,2.1442289934597483,8.357063820414636,4573846879811201664
ZZ Ceti,0.6833333333333333,5.999127871340721,44.6441215149697,-0.0429821,16.779772,9.22930419191022,11.605616801443412,382794736989888512
ZZ Ceti,0.5766666666666667,4.176645524266002,40.219909532909455,-0.15412712,18.896303,3.9693487876451607,11.889899310729207,382993538138799872
Eclipsing Binary,0.5433333333333333,10.459195254100036,45.27723566734134,2.4999294,18.94306,9.929963178418424,13.927798190392645,388304767713793024
ZZ Ceti,0.9083333333333332,249.8093774257825,47.81018003151219,0.028612137,17.762014,6.712208235904124,11.896341106729311,1410345596469085184
ZZ Ceti,0.6016666666666667,11.964191641287613,45.80483504569257,-0.10977936,19.310207,3.206372512006228,11.84027688346352,389610742713434368
ZZ Ceti,0.5116666666666667,4.277432968355965,40.74537435377068,-0.070568085,19.027369,3.5967779712389456,11.806937148444977,383396302991862656
ZZ Ceti,0.7233333333333334,11.601190439718977,46.01329523219522,0.02337265,19.352697,3.113428989757957,11.818891824499454,389628369257722880
Eclipsing Binary,0.7666666666666667,4.551440894131522,40.69461031585965,0.68989944,19.872948,8.000804170919016,14.38861620335998,383404583688764416
CV,0.9766666666666668,266.94696020972737,55.48827958114349,0.47501373,19.153507,2.3088924116408345,10.970525481997496,1418364678367782016
ZZ Ceti,0.525,4.477451152993776,40.77117342603104,0.34052658,18.669735,6.654950545117856,12.785459162267426,383408809941322752
Subdwarf,0.8366666666666667,104.00188367133178,-1.3155986178380628,-0.328063,14.338852,1.1007158205263157,4.547228043052636,3112125468664621952
CV,0.97,51.79828751864245,-17.316222073590524,1.6763039,17.095684,7.835132754328578,11.565915796610096,5105520847021315712
ZZ Ceti,0.57,33.04426822050463,-27.787428029370624,0.12033653,17.709993,6.845771275607781,11.887104924052514,5117357983046828416
ZZ Ceti,0.5066666666666667,10.588207811727251,43.661501977189154,0.17090225,18.869173,5.740249708093018,12.663826925829644,387562253766354560
Eclipsing Binary,0.87,307.22269217542663,-17.725575863158046,0.55970955,18.310087,2.5949256056964205,10.380711557553091,6860949121352043520
CV,0.8116666666666666,298.19818922802085,-23.35518310337632,0.12475395,15.398873,1.0825240497936168,5.571060767975219,6863719242115036800
ZZ Ceti,0.7183333333333334,297.1241375987422,-23.289931698345008,0.08210182,17.883718,6.539395688024602,11.961406082995577,6863852416161801984
Eclipsing Binary,0.6866666666666666,10.316605742678808,44.08357759457729,2.3059254,19.181597,5.763317282167312,12.98495964510571,387588809548448256
ZZ Ceti,0.5566666666666666,9.79422427525504,43.11902308865161,0.116838455,19.287863,4.017618929087504,12.307706707801632,387607776123294592
CV,0.64,3.4554207381661763,41.739313338760816,0.641819,20.235458,6.24030377837334,14.211486658396137,383684959153730560
Subdwarf,0.7633333333333333,278.3205042762772,34.57778131524831,-0.33416462,14.723109,0.9742554127863908,4.666473136664061,2094617071652165120
Eclipsing Binary,0.6033333333333334,7.894825270808451,44.39813062338008,0.21628952,18.984802,3.304713909121228,11.58047134169844,388546243658219520
Eclipsing Binary,0.5466666666666666,10.213355546157477,46.66553471659183,0.8131199,19.893673,6.217732366946469,13.861833122743173,389902731769376640
CV,0.9633333333333334,277.53678067557604,37.611592058500655,0.4508419,17.436657,2.023775587191164,8.967468763546327,2096274276193099136
CV,0.975,283.8835341862589,38.6759896061124,0.5156555,16.714247,0.9040962560308586,6.495320353912419,2097175463412037632
Subdwarf,0.8266666666666667,281.99147731684207,38.89107979272788,-0.34200096,16.247747,0.4048279842963628,4.284099630391662,2097379319739340672
Eclipsing Binary,0.6866666666666666,8.52652740088496,44.39977594659892,2.3065662,18.99192,5.855758777678155,12.829835890387406,388582050802976256
Other,0.5,8.789411910392456,44.67746470650583,1.070281,14.067031,5.624128465260895,7.817307160980536,388589300707181568
Subdwarf,0.92,106.42657232303608,-4.96233194185065,-0.23488998,15.970752,0.5913302074298235,4.829902325022557,3101471926849011712
Subdwarf,0.8766666666666667,128.16167094710332,-23.235252799773367,-0.36522102,15.067776,0.7319915008043223,4.39030619234652,5701934058879797888
CV,0.8066666666666666,4.188534346409849,42.56310525766877,1.1378403,20.562998,9.179281617183662,15.377041470330244,383838414041107712
ZZ Ceti,0.8583333333333333,9.200811775579815,43.85895852997791,0.14850616,18.168234,5.795865887178651,11.98382563802249,387711851771836416
Subdwarf,0.5233333333333333,8.884874925366855,44.972387232440646,1.6451893,17.156752,5.289531081332205,10.773837866965737,388623523004786304
Subdwarf,0.5766666666666667,8.421697846744564,49.66966121491947,-0.1792984,16.094654,0.5105798989343688,4.634972565132738,391484413605892096
Subdwarf,0.9066666666666666,127.5441210123743,-21.93546339258857,-0.3938551,13.643931,1.43685107792686,4.430989790614941,5703027557552993536
ZZ Ceti,0.8233333333333334,129.56329171769906,-21.543049037110887,0.04352188,17.32632,8.501675621885306,11.973842653053923,5703287003639567744
Subdwarf,0.75,0.6304211529115736,42.886103539067385,-0.2266655,14.322986,0.9260856758327762,4.156241834166689,384468910944036992
Subdwarf,0.87,317.7667914636502,13.183255578437317,-0.31987953,15.546027,0.7444939986142447,4.905333006215171,1758795709079149568
CV,1.0,318.76710570185804,14.063653311411944,0.82247734,18.23541,3.462390648889943,10.932290330819397,1759321791033449472
Eclipsing Binary,0.56,5.579787880827466,45.28118993731851,1.7779064,18.772907,3.335762435718713,11.388882568746036,391831275165148800
Eclipsing Binary,0.87,280.3159044136272,-12.928910190601322,2.080881,19.483578,11.093328606746828,14.708887389285891,4105441113838436864
Subdwarf,0.8566666666666667,17.13235245141096,27.7143996292619,-0.31432343,15.389649,0.5536370998957599,4.105774925127756,307973211235659008
CV,0.9566666666666668,17.262618777329145,27.836102267278125,0.39710426,18.117697,1.823372687430392,9.422074225754628,307975955720964608
CV,0.9983333333333332,298.12976869883374,37.33704040146007,0.9302769,19.035515,3.1132807152762565,11.501606407458558,2072080137010352768
Subdwarf,0.51,298.781429495808,18.48714081343849,-0.072052,15.845793,0.6520088819313943,4.917060559545488,1821409357266706560
ZZ Ceti,0.7983333333333333,6.799458815097072,44.54869870708488,0.08011055,18.785505,4.482804514912261,12.043254003334113,388739276667549824
Eclipsing Binary,0.5033333333333333,80.5805140835992,10.671893738936385,0.25885296,14.472228,1.4496001766258266,5.278469166245701,3339211934473498368
ZZ Ceti,0.905,16.41321364758117,32.3129215287445,0.012594223,18.032373,6.591571215934667,12.127317742982491,313525568862684672
Subdwarf,0.75,287.6235012966907,-15.374804066749174,-0.2728634,15.426962,0.8900561139399041,5.174048938877569,4088966611358001536
Eclipsing Binary,0.8133333333333334,299.15780291213616,13.854992784959036,1.1297874,16.449356,6.125630143412217,10.385109855982977,1807160201935611904
ZZ Ceti,0.5233333333333333,6.822037629510123,44.856981815664064,-0.007741928,19.52771,3.623583814717753,12.323401555742771,388751027698430464
ZZ Ceti,0.5266666666666666,7.310685118815613,44.86420838175929,0.41709518,18.90851,8.474526974712845,13.549087332012622,388756456537099392
Subdwarf,0.63,300.1353875286025,14.541979504493993,0.9202347,17.471613,1.0861290389835148,7.651020126215117,1807293586440423680
Subdwarf,0.8033333333333333,72.68041456431867,67.19068836534156,-0.16646862,13.420873,1.1371707247776697,3.7000013536183687,483667678934724096
Subdwarf,0.5433333333333333,7.375798315647588,45.03755592687738,1.8774719,18.602388,2.917563496071669,10.927489582701815,388764878971033728
CV,0.9966666666666668,24.732784350292963,24.494202178985603,0.33593845,15.473174,1.0313355222944574,5.540173882071349,291779226024624640
CV,0.98,25.769441898090456,26.6425439658286,0.6438961,17.556862,1.522886107064966,8.470199123631039,292643407804526208
ZZ Ceti,0.925,6.992051893776977,44.905143714300486,0.00092315674,18.831165,3.797036792166132,11.72838902672784,388771059425962240
Subdwarf,0.8866666666666667,196.98220167736528,-26.880680672527504,-0.32112598,14.881477,0.7725752449802173,4.321180941379422,6187398232433206784
Subdwarf,0.6533333333333333,23.039185070451413,28.86308947531301,0.8959656,17.096403,1.7536044136441316,8.316061149403671,296938959215871104
Subdwarf,0.89,130.00352573571956,-24.90033478622161,-0.37225914,14.0455,0.8637687134006274,3.727487346997197,5653446588228468992
ZZ Ceti,0.96,31.407575386566126,29.66835904536101,0.08038139,17.429268,7.838019590273628,11.900299723075246,300356718095890816
ZZ Ceti,0.9166666666666666,29.095355818426874,29.110417931159617,0.15762901,18.620594,4.160948559629382,11.7165557339669,300690454234750208
CV,0.985,53.70431904375796,60.9889468171132,0.8291302,18.505798,2.246389246549945,10.26322305744977,486462568774920064
Subdwarf,0.73,27.7649365208522,30.211208366649466,-0.38564587,15.185821,0.8002491365777233,4.701947071189675,302513345729944576
CV,0.8283333333333334,27.52981712041392,30.367780811270134,0.7319603,18.82758,2.3080396533412406,10.643796329782756,302565293359409152
CV,1.0,281.1312115405839,23.37626340834221,0.887125,18.008331,0.8877668897636525,7.7498257175203555,4532642711624426496
ZZ Ceti,0.82,223.92037863971024,17.89776130213327,0.1082592,17.444265,8.222704374411443,12.01933838315174,1188363918331170048
Eclipsing Binary,0.5666666666666667,268.99729949405463,-15.584882343669348,1.4367771,19.24831,13.1394291056096,14.841192479973564,4145382071960259712
CV,0.57,242.04691920320744,-13.849480089256735,0.17637253,18.754816,4.863276905080859,12.189460990576782,4341529414413909632
CV,0.8533333333333334,279.08086886693405,43.25050380232312,0.14266396,16.624372,0.4756165582421854,5.010656829271037,2117050025136897152
ZZ Ceti,0.64,277.6675631569952,45.307083328144834,0.10900307,17.303734,6.6970080167058335,11.433138094060483,2118062851443364096
Subdwarf,0.78,279.0418331212661,46.59722577518054,-0.29344845,14.911221,0.7808107286361547,4.373949860354328,2118570825814488832
Subdwarf,0.7833333333333333,278.0435776901263,46.55613345876846,-0.40525532,14.608055,1.06827414946216,4.751468596421645,2118612813414822016
Subdwarf,0.8933333333333333,275.8742962736451,47.29316513693353,-0.33490562,15.297079,0.6542849008228915,4.375913490189936,2121813457402934400
Subdwarf,0.7166666666666667,275.57457885081567,47.379227197460814,-0.36944962,15.819137,0.3983323532712885,3.820364910110399,2121817099535166720
CV,0.8066666666666666,324.44240341810115,-23.94452475591609,0.27311134,19.221972,3.517046924188689,11.95286281340767,6815022589376377344
CV,0.9883333333333332,322.25632476402166,36.51786748087337,0.46380234,17.261536,5.021144430311955,10.76554956891651,1951666884868218112
CV,0.6016666666666667,308.81366577878094,22.10858718631059,0.15023899,14.139598,1.228809673738227,4.58702110830451,1818529770639712384
CV,0.6883333333333334,94.62657388576204,51.098827476283375,0.24569702,16.204124,0.9062605442007564,5.990389362786644,971400522933886080
ZZ Ceti,0.885,105.18876364398768,-12.15526123733007,0.03427124,17.784182,6.642987623280312,11.89599921648588,3045879828670086144
CV,0.5916666666666667,284.6336554682849,51.815937701583714,0.0472641,15.935296,1.2380254126940804,6.398943797247375,2134077749400112128
Subdwarf,0.8166666666666667,287.34985360228745,52.20656213334517,-0.35403347,16.052698,0.4840820232467986,4.47729277542631,2134289615844120832
CV,1.0,285.9257028346411,53.79605773625858,0.4762001,18.437046,1.1454782218265522,8.731980183338717,2134633793047290368
Subdwarf,0.91,319.12984567782377,9.704916120146736,-0.33474064,15.606651,0.5894768010763974,4.458984590304322,1743882723633063040
Subdwarf,0.75,338.10348942498746,26.25643613934115,-0.43327332,15.5186825,0.6485431183329906,4.578376777054796,1880519411573984768
ZZ Ceti,0.73,351.72312745393225,68.16912856016384,0.21232414,18.192982,4.923132444690335,11.654189597738904,2213950534650701184
Subdwarf,0.5433333333333333,316.8384480038285,42.5188434017437,1.0406075,18.0075,2.7840857338439635,10.230913024595724,1969663691188312448
CV,0.9883333333333332,265.05895443381,30.05417608836761,0.45832825,17.288681,0.8579780899898386,6.9560619875068905,4597436725689986688
Eclipsing Binary,0.6166666666666667,264.5634686286133,-21.55933438837093,1.530035,18.355503,5.226930398190433,11.94673658535284,4117996402691953536
CV,0.995,261.8045257999832,32.26134823486243,0.6834793,19.22984,2.4013831530380703,11.132147297524543,4600353493816150784
CV,0.76,113.94155765827266,-18.16186291669834,0.39093494,15.826381,0.8602693241402226,5.499553184571242,3026982453606023296
CV,1.0,115.8798396413576,5.726881412752823,1.0970726,18.740635,3.2807436224037767,11.320496466276872,3138611466824715776
Subdwarf,0.86,115.73837152964052,6.273826718396229,-0.30054474,14.458539,0.9847821835609606,4.425239914222543,3138715546770224896
CV,0.9383333333333334,284.8528052520527,7.850626827415967,0.51104736,15.607957,1.2614025420585169,6.112225509380028,4307083884080817792
CV,0.5666666666666667,310.1064003826202,32.88350184274504,2.8715134,20.260206,13.4554329776679,15.904694386673706,1863189282963370240
CV,0.9316666666666666,310.80842748255697,15.600524737338109,0.34314537,16.357311,0.7096906821161416,5.612656515984449,1762594276937620992
Subdwarf,0.6866666666666666,295.17591426777665,33.84979175806721,-0.3905897,13.339279,0.9633876815328614,3.2582844442884475,2047012543207310976
CV,0.76,104.87071326559554,11.589153801080366,0.11959362,15.071491,0.7112752153303648,4.331679378982072,3160686396134645248
Subdwarf,0.64,303.5126583891004,71.97727505184982,0.07926369,16.574123,0.4297983646111882,4.740446793309836,2275568815537244032
Subdwarf,0.7566666666666667,131.4884568135513,-27.208950030443106,-0.30088043,14.771842,0.8412213526373058,4.396393439037553,5646071893166774784
CV,0.83,324.49165452173105,18.699366771467684,0.6980791,16.380592,1.1487666046248546,6.681751009325925,1786317168020316416
CV,0.995,323.5821701380297,51.64918269073732,0.8895893,17.354044,1.6325622297849955,8.418392723203057,2171741490157359872
Subdwarf,0.8333333333333334,300.2946704161469,49.79583996933928,-0.26213932,15.910409,0.6451238521960728,4.958624496911215,2087798106700647168
CV,0.8,301.7597214360516,49.83198384949751,0.24310303,16.58255,0.5620655445410957,5.331484816036685,2087842980517605248
ZZ Ceti,0.7033333333333334,30.8387708895626,67.3532457600671,0.059051514,17.366766,8.222557686105839,11.941800644990284,518966292856747520
ZZ Ceti,0.7266666666666667,92.0794359562619,37.68034391493526,0.049230576,18.215502,4.733711445986498,11.591510905021488,3454113373478045312
CV,0.815,278.36380304730324,-12.795812247361424,2.2631245,19.569332,7.254590349623001,13.872396469174628,4104921938130654080
Subdwarf,0.84,310.1327578799519,17.422236343362272,-0.2854662,15.225383,0.6900095370815716,4.41965846726074,1811426925521219456
CV,0.9983333333333332,311.20694870693615,17.51405481011421,0.51675415,18.080183,1.237947359597626,8.54369388932385,1811474784338608256
CV,0.9983333333333332,307.78984700803886,16.385668190986816,0.62109566,17.303465,0.7014360993971421,6.53340556539454,1811659124333618944
Subdwarf,0.7266666666666667,119.76429159509549,-20.875437947373893,0.8128643,16.79859,1.1327347558651433,7.069231131178661,5713173919580361216
Eclipsing Binary,0.7866666666666666,120.38753227504176,-27.31450407089773,0.860054,15.996361,3.5678273347032734,8.758380142477728,5600984632171238528
Subdwarf,0.5266666666666666,143.65374617036056,29.85300693327569,1.0214243,15.282761,2.985676865514428,7.657975015073208,696726949057384448
Subdwarf,0.7966666666666666,119.582494211576,-18.34558117222437,-0.44461536,15.630757,0.5069303558409929,4.1554984914248365,5714499930602728576
CV,0.7733333333333333,331.4445149596874,61.93634064725978,0.40805626,19.763954,2.39086752333082,11.65673156380694,2204136882281518080
Subdwarf,0.7966666666666666,302.14467736417487,0.2944623236628442,-0.33604717,15.64429,0.6637672934238548,4.754369245518934,4236643293687927424
