class,probability,ra,dec,parallax,source_id,source_id_1,name,wdname,spectype,comp,logg,mass,binarity,ismag,hasdisk,variability,source_id_2,bp_rp,G,absolute magnitude
CV,Known Variable,289.20455840353964,-26.24269025337558,2.1846300357318698,6769204324939596672,,,,,,,,,,,,,,,
CV,Known Variable,294.64945316338793,-46.215976566688994,5.327462924169278,6684490840966796928,,,,,,,,,,,,,,,
CV,Known Variable,318.921253202551,-58.68178727115081,4.217880249502435,6453536224527716224,,,,,,,,,,,,,,,
CV,Known Variable,299.2982055205022,-57.63969351541584,3.519716929146918,6447773336193467520,,,,,,,,,,,,,,,
CV,Known Variable,302.2328523128919,-65.46206257650644,1.5773501524267246,6427690176495592960,,,,,,,,,,,,,,,
CV,Known Variable,319.7080429385965,-64.42039014895859,1.534009138917114,6401799112903799168,,,,,,,,,,,,,,,
CV,Known Variable,325.572404455066,-67.80036065285002,2.2325671514002403,6397189827017123072,,,,,,,,,,,,,,,
CV,Known Variable,329.9771964413118,-68.84361913004906,3.090100150999971,6396170751536790016,,,,,,,,,,,,,,,
CV,Known Variable,229.98025197894387,-25.00673233228796,8.845682686489797,6226943645600487552,,,,,,,,,,,,,,,
CV,Known Variable,193.1003174469929,-29.24875402703625,17.571594551552845,6185040879503491584,,,,,,,,,,,,,,,
CV,Known Variable,195.1210452091761,-30.88244520134729,2.725629369116556,6184077776037155072,,,,,,,,,,,,,,,
CV,Known Variable,202.9745836307912,-29.683097847590947,3.0557172237005576,6175970630128957568,,,,,,,,,,,,,,,
CV,Known Variable,138.19170827415067,-3.821306656961674,1.517330602501142,5759752908615824128,,,,,,,,,,,,,,,
CV,Known Variable,134.83257639249547,-24.48203791091042,4.029128989359587,5652773897568243072,,,,,,,,,,,,,,,
CV,Known Variable,91.12849259574264,-71.42272286620083,1.8169484154825324,5278321915508032256,,,,,,,,,,,,,,,
CV,Known Variable,58.54292721882824,-16.881016613677012,3.1287237876909733,5107845936158224768,,,,,,,,,,,,,,,
CV,Known Variable,62.85730432913309,-15.39001101920761,2.70428559879979,5097770801875122432,,,,,,,,,,,,,,,
CV,Known Variable,66.4798375280787,-19.758615256299507,2.715082218174532,5092046675621447552,,,,,,,,,,,,,,,
CV,Known Variable,66.17151609108389,-20.12003306900644,5.332597883928711,5091939988633728640,,,,,,,,,,,,,,,
CV,Known Variable,53.869470960586746,-25.73938583074852,4.178527967080996,5084805635638179584,,,,,,,,,,,,,,,
CV,Known Variable,22.21912996279616,-23.662367445315887,3.506326823850406,5041907811522399488,,,,,,,,,,,,,,,
CV,Known Variable,87.43917093054928,-49.36560979828657,3.0886529931218893,4794480174438869632,,,,,,,,,,,,,,,
CV,Known Variable,71.70842937071987,-71.38219925165086,2.778343020546375,4654758944077464192,,,,,,,,,,,,,,,
CV,Known Variable,254.2421964416153,21.360852249192373,1.8215644775374995,4565045873343899136,,,,,,,,,,,,,,,
CV,Known Variable,253.49606077653627,20.16952779839806,1.3009640646507312,4564460623922361472,,,,,,,,,,,,,,,
CV,Known Variable,272.1493413502918,10.174922304019324,3.409816888613936,4482863941883637632,,,,,,,,,,,,,,,
CV,Known Variable,246.33452634005369,12.052399032275764,2.2820192309638947,4459922356886052992,,,,,,,,,,,,,,,
CV,Known Variable,248.94053834995628,11.416102368766788,0.8737475147475209,4459185168703405568,,,,,,,,,,,,,,,
CV,Known Variable,247.8370191453403,10.526087031958347,2.0316070700581714,4458774810347862528,,,,,,,,,,,,,,,
CV,Known Variable,304.391137415184,-3.664220725913196,1.5277963634299083,4222299752184927616,,,,,,,,,,,,,,,
CV,Known Variable,291.5450717185344,-10.258458729834352,3.327140831112538,4200218019655998720,,,,,,,,,,,,,,,
CV,Known Variable,295.04754669939405,-10.423822727231956,2.192924827162936,4193346037615507968,,,,,,,,,,,,,,,
CV,Known Variable,265.8346438947984,-4.499234131634716,4.6201956119306695,4176399299256927488,,,,,,,,,,,,,,,
CV,Known Variable,177.48200437697258,28.75199218592987,3.481798392973296,4019704731785215360,,,,,,,,,,,,,,,
CV,Known Variable,166.41569730496008,25.10782702950914,8.73670697706783,3996419759863758592,,,,,,,,,,,,,,,
CV,Known Variable,153.89434684975276,9.078324470719089,3.873737194309449,3876618514794039040,,,,,,,,,,,,,,,
CV,Known Variable,174.6113566288713,3.3683500386578524,7.921960890962959,3800596876396315648,,,,,,,,,,,,,,,
CV,Known Variable,174.3424234775299,1.8163491197971005,3.5640694860389592,3799290858445023488,,,,,,,,,,,,,,,
CV,Known Variable,165.90233207991253,-21.629401550999543,3.1216136576873392,3551116004427251328,,,,,,,,,,,,,,,
CV,Known Variable,164.45798766632143,-21.94965245829812,1.5957811283971788,3549823111895468672,,,,,,,,,,,,,,,
CV,Known Variable,185.5902736726,-31.25693166037109,4.136311891201861,3469884768265773824,,,,,,,,,,,,,,,
CV,Known Variable,89.68950950463412,39.25918781005749,2.051156833205263,3458275544681382912,,,,,,,,,,,,,,,
CV,Known Variable,101.89477324182256,28.106094422258018,3.829795075220992,3386289728137230976,,,,,,,,,,,,,,,
CV,Known Variable,112.87080483660684,9.939745636325124,1.1198567349540771,3161562367602419328,,,,,,,,,,,,,,,
CV,Known Variable,102.13947482535067,6.9397640614036815,3.01493205268272,3133113805608088064,,,,,,,,,,,,,,,
CV,Known Variable,118.37824340012624,4.765484097398697,0.6729618819343612,3095470964175509632,,,,,,,,,,,,,,,
CV,Known Variable,76.7468169093849,-16.99210799277191,1.875047881370261,2982847743326395648,,,,,,,,,,,,,,,
CV,Known Variable,349.87681235807094,26.255171198882778,1.9169944261629568,2844608590203675136,,,,,,,,,,,,,,,
CV,Known Variable,7.524147336776,26.290628596738262,1.387316595135448,2807841432470056448,,,,,,,,,,,,,,,
CV,Known Variable,9.612726538805646,25.156955083079207,1.988816120232344,2806802123399581056,,,,,,,,,,,,,,,
CV,Known Variable,352.25189308753545,-29.77946576416455,1.640177333531042,2329317895999827840,,,,,,,,,,,,,,,
CV,Known Variable,358.2541050214209,-38.8632422780485,10.678647572424376,2307289214897332480,,,,,,,,,,,,,,,
CV,Known Variable,300.23520330036604,56.94361464166327,1.7294000051898408,2234640908237099008,,,,,,,,,,,,,,,
CV,Known Variable,284.62894898237386,49.24236328311045,3.895164529272859,2132186284460008832,,,,,,,,,,,,,,,
CV,Known Variable,271.87604009364446,45.85910094014588,2.015972812772131,2116226254706461568,,,,,,,,,,,,,,,
CV,Known Variable,270.59349468270545,45.87904853102667,1.068051683682281,2116095133648131584,,,,,,,,,,,,,,,
CV,Known Variable,273.58535580196946,41.85613764828477,0.7865866030171267,2113091615775375232,,,,,,,,,,,,,,,
CV,Known Variable,281.11112453510594,37.99776862965083,2.3846686478938657,2096934223687181696,,,,,,,,,,,,,,,
CV,Known Variable,306.8223856589105,43.6893736449254,2.2495940444443474,2069105580089321472,,,,,,,,,,,,,,,
CV,Known Variable,334.2096507677777,46.77812719993245,2.519804410462548,1963247113132725120,,,,,,,,,,,,,,,
CV,Known Variable,301.90243261138374,17.70398444239941,22.103506001312454,1809844934461976832,,,,,,,,,,,,,,,
CV,Known Variable,303.26677500556184,15.59615533601892,1.4212052352354292,1808517927003421056,,,,,,,,,,,,,,,
CV,Known Variable,317.4603977262317,13.810940767214907,4.5533934917128,1759156585115470976,,,,,,,,,,,,,,,
CV,Known Variable,245.8472824856324,78.43436343475258,2.698970988392896,1707635020719834880,,,,,,,,,,,,,,,
CV,Known Variable,234.50031845697785,18.86759504872747,2.0279812154336936,1209876314302933632,,,,,,,,,,,,,,,
CV,Known Variable,239.2269993110532,21.12192379075724,3.1105783135201377,1204588041329337600,,,,,,,,,,,,,,,
CV,Known Variable,238.196448460572,18.94162129472689,7.593545580044447,1203639265875666304,,,,,,,,,,,,,,,
CV,Known Variable,231.5581593922861,8.30049437072688,3.356109457837461,1163811724898541440,,,,,,,,,,,,,,,
CV,Known Variable,228.5649433550868,7.746035484771119,5.53069625737812,1163569523103341568,,,,,,,,,,,,,,,
CV,Known Variable,113.42263440238716,67.53763922239901,1.7595638454849367,1108037726271701248,,,,,,,,,,,,,,,
CV,Known Variable,109.81051433823215,65.962267135487,2.328162830486095,1101817445394854400,,,,,,,,,,,,,,,
CV,Known Variable,101.58171231739968,50.763642232902114,0.651005406183955,991644314411825536,,,,,,,,,,,,,,,
CV,Known Variable,134.78830856583355,5.615124168586091,2.249725594051247,583340808875713280,,,,,,,,,,,,,,,
CV,Known Variable,132.7807873854784,3.142917756466642,1.7210466290976132,581110831791334400,,,,,,,,,,,,,,,
CV,Known Variable,136.0145190672494,3.916999204989007,3.518598974630864,579909164365936512,,,,,,,,,,,,,,,
CV,Known Variable,40.71331917783068,56.691977579173134,5.522324869663217,454808969042727168,,,,,,,,,,,,,,,
CV,Known Variable,8.898767498113362,46.39786670628548,2.104845148706404,389180322567909888,,,,,,,,,,,,,,,
CV,Known Variable,10.230793238638958,43.41650568140008,0.6108685691493502,387544008745199360,,,,,,,,,,,,,,,
CV,Known Variable,0.5932669899514769,42.70366714890256,2.486947570695433,384460943781889024,,,,,,,,,,,,,,,
CV,Known Variable,26.26366206274269,37.94253386269427,2.407045416503102,343491353823524864,,,,,,,,,,,,,,,
CV,Known Variable,27.56743292158404,37.93861341351989,1.3658440102526697,342789139554660096,,,,,,,,,,,,,,,
CV,Known Variable,21.41403658623172,32.38564201090676,3.8428006992803017,316447594027782912,,,,,,,,,,,,,,,
CV,Known Variable,27.71469857209696,33.43936951459864,1.3529543973153622,305760371070111872,,,,,,,,,,,,,,,
CV,Known Variable,22.99945607213559,29.82277690669161,1.7571094504311229,303221877895676672,,,,,,,,,,,,,,,
CV,Known Variable,30.952550253276968,29.990443212556315,1.908762530815472,300427537812198656,,,,,,,,,,,,,,,
CV,Known Variable,42.50064300485136,37.65609477509377,1.8610594586854248,141759351271651456,,,,,,,,,,,,,,,
CV,Known Variable,41.24082278911816,27.519204004749685,2.986578218736761,126928996700556928,,,,,,,,,,,,,,,
Eclipsing Binary,Known Variable,8.549124926540703,44.42262015036406,4.083289765202259,388582115224067200,,,,,,,,,,,,,,,
Eclipsing Binary,Known Variable,29.514213324026056,28.38435151316496,3.905798340761722,298356019250182016,,,,,,,,,,,,,,,
Eclipsing Binary,Known Variable,35.01897808991266,63.06656439951715,11.09326582822314,513958743252720768,,,,,,,,,,,,,,,
Eclipsing Binary,Known Variable,52.21858168001024,-23.136490201775885,2.500382748227053,5098646558590111232,,,,,,,,,,,,,,,
Eclipsing Binary,Known Variable,97.60904622339469,41.79843349414428,1.6011128112547828,958364128959466624,,,,,,,,,,,,,,,
Eclipsing Binary,Known Variable,125.51546885861508,-8.908407027064374,3.126181668611677,5752707302529201152,,,,,,,,,,,,,,,
Eclipsing Binary,Known Variable,211.76066779292003,21.26659730948021,4.078919930749171,1247210845801446528,,,,,,,,,,,,,,,
Subdwarf,Known Variable,0.4068839198374655,-35.66487582312772,0.9230293645485528,2309587292982876544,,,,,,,,,,,,,,,
Subdwarf,Known Variable,1.692932568816066,-27.348166347271423,1.5200890831569962,2333646741998127744,,,,,,,,,,,,,,,
Subdwarf,Known Variable,2.92351427595977,19.34041113010944,0.8530024441927974,2797293512483062912,,,,,,,,,,,,,,,
Subdwarf,Known Variable,9.522662426280124,43.74733706457763,0.6709898433450944,387661209812972928,,,,,,,,,,,,,,,
Subdwarf,Known Variable,10.676681084831255,43.31691312782644,0.7552286865139283,387533868326227456,,,,,,,,,,,,,,,
Subdwarf,Known Variable,10.838364249048826,44.573289737473225,0.6054818484422049,387992437690797696,,,,,,,,,,,,,,,
Subdwarf,Known Variable,12.907198809052993,-30.71547420433837,0.907344519256872,5031702144593331712,,,,,,,,,,,,,,,
Subdwarf,Known Variable,14.590986043726843,55.63079177547098,1.1010494565710118,423505288886486272,,,,,,,,,,,,,,,
Subdwarf,Known Variable,15.305528176188888,31.432029517502865,1.7781702042990613,312628749626419328,,,,,,,,,,,,,,,
Subdwarf,Known Variable,17.111563875273866,-32.71989373567329,2.588565244962917,5026956858566738688,,,,,,,,,,,,,,,
Subdwarf,Known Variable,17.5775680993426,-34.007205219198866,1.204835442958262,5026270179195363328,,,,,,,,,,,,,,,
Subdwarf,Known Variable,18.43970230933974,17.980549702178617,0.5711907910423039,2784332018443668608,,,,,,,,,,,,,,,
Subdwarf,Known Variable,18.976172130637973,26.23339419402829,0.8072441040758015,294818409307323904,,,,,,,,,,,,,,,
Subdwarf,Known Variable,26.414575692176587,15.078384665930018,1.2966956488527115,2588387849393475840,,,,,,,,,,,,,,,
Subdwarf,Known Variable,28.95395372891957,41.54893304061129,0.6785944551234349,345949758745792000,,,,,,,,,,,,,,,
Subdwarf,Known Variable,32.38530156289903,43.12009865844359,0.9063156954793764,351633546665907200,,,,,,,,,,,,,,,
Subdwarf,Known Variable,33.29935083959255,-23.90974579856599,1.046473677598907,5122936870687263232,,,,,,,,,,,,,,,
Subdwarf,Known Variable,35.582802059901645,-23.41560095237319,3.108293486211428,5120386003710463616,,,,,,,,,,,,,,,
Subdwarf,Known Variable,43.722252883254775,32.708820086741454,2.4808802443191413,136464000192315392,,,,,,,,,,,,,,,
Subdwarf,Known Variable,45.54817767275821,37.18596931163057,0.7333906499654181,142086971376178688,,,,,,,,,,,,,,,
Subdwarf,Known Variable,52.230218482202005,50.591553801455085,1.712341877283747,441838202167403776,,,,,,,,,,,,,,,
Subdwarf,Known Variable,59.09716554471923,-15.155387409728036,1.4430127479366903,5109790010155109760,,,,,,,,,,,,,,,
Subdwarf,Known Variable,62.54661660650834,-19.81486086741473,1.1643904160335758,5092747133247311360,,,,,,,,,,,,,,,
Subdwarf,Known Variable,63.33093871388564,-13.684128770899685,1.37002123396406,3176695152292552704,,,,,,,,,,,,,,,
Subdwarf,Known Variable,72.55631256176896,17.70175758743446,3.0307586850671524,3406506723313874688,,,,,,,,,,,,,,,
Subdwarf,Known Variable,72.8774676602218,-61.17244517654154,0.4469910838513495,4665646686160919040,,,,,,,,,,,,,,,
Subdwarf,Known Variable,75.0789864923906,9.201138669796192,1.3020490693266666,3291164582009541376,,,,,,,,,,,,,,,
Subdwarf,Known Variable,88.45357545310516,32.93381892499199,1.4596066880996743,3451217092350738944,,,,,,,,,,,,,,,
Subdwarf,Known Variable,90.157084104795,36.79928135295217,0.8754490517896012,3456632255835216640,,,,,,,,,,,,,,,
Subdwarf,Known Variable,94.48613934050007,18.83017296520516,1.4957951587944622,3373814561832902272,,,,,,,,,,,,,,,
Subdwarf,Known Variable,94.86471415787469,35.382656080287845,0.7018390655329658,3452740362628172160,,,,,,,,,,,,,,,
Subdwarf,Known Variable,95.20567515065572,19.308058771038503,1.0177675826283656,3373940219694568576,,,,,,,,,,,,,,,
Subdwarf,Known Variable,106.82754432908484,14.016187558816895,0.7491941523436253,3161497015379649280,,,,,,,,,,,,,,,
Subdwarf,Known Variable,107.6752086987272,66.9287217291184,0.7895371553007507,1102107819544067456,,,,,,,,,,,,,,,
Subdwarf,Known Variable,109.74096788083487,2.887438748253929,0.6629945301432493,3139042514040855296,,,,,,,,,,,,,,,
Subdwarf,Known Variable,121.2950603632632,-10.97662931398518,4.733850395784667,3037891155139776128,,,,,,,,,,,,,,,
Subdwarf,Known Variable,121.4166916226233,5.164290469857398,0.8678693328904256,3094948627431806464,,,,,,,,,,,,,,,
Subdwarf,Known Variable,123.24375058685352,0.7314396752379916,0.7207425134069289,3089571878131969792,,,,,,,,,,,,,,,
Subdwarf,Known Variable,125.318801076499,-8.473118992014722,0.7464890865765217,5753155495252812544,,,,,,,,,,,,,,,
Subdwarf,Known Variable,134.7129773844516,2.170263095272785,1.617306176647041,577763368640517760,,,,,,,,,,,,,,,
Subdwarf,Known Variable,139.73337015402973,-57.073757304052656,1.466096384732888,5306775455393745024,,,,,,,,,,,,,,,
Subdwarf,Known Variable,139.96840543172243,-10.775494610604918,0.5221044247484077,5739615043915301120,,,,,,,,,,,,,,,
Subdwarf,Known Variable,141.1670001832356,30.836795340411456,0.8075998823340753,700362419831670016,,,,,,,,,,,,,,,
Subdwarf,Known Variable,142.56434836374237,30.84287245950017,0.9064115312250968,697406932576439680,,,,,,,,,,,,,,,
Subdwarf,Known Variable,142.74844273819664,2.84231412739122,0.910692499777522,3844661557225496064,,,,,,,,,,,,,,,
Subdwarf,Known Variable,164.76241841094614,-21.49230086136497,0.9457359230482236,3549863282726168576,,,,,,,,,,,,,,,
Subdwarf,Known Variable,166.13171980386187,24.661939807773177,2.3116007540511228,3995631994142136576,,,,,,,,,,,,,,,
Subdwarf,Known Variable,168.45172786687243,-8.005740257563023,1.649287118797638,3783517028410589056,,,,,,,,,,,,,,,
Subdwarf,Known Variable,169.77002351921246,29.864574955739712,1.1928438029575528,4023163971460301952,,,,,,,,,,,,,,,
Subdwarf,Known Variable,170.00151493464642,30.94995682529856,0.8469332832832023,4023386553845346688,,,,,,,,,,,,,,,
Subdwarf,Known Variable,174.6694942658298,-0.5922726711718129,0.7726325164324401,3794197787442075008,,,,,,,,,,,,,,,
Subdwarf,Known Variable,174.7925681797959,-25.34879539884773,0.8532762425831735,3485687950109280896,,,,,,,,,,,,,,,
Subdwarf,Known Variable,175.29109698565077,-10.335954264647729,1.0373422451921124,3588319354742998144,,,,,,,,,,,,,,,
Subdwarf,Known Variable,176.47067317011278,-18.9511920324158,1.0468060861378836,3543486596321694208,,,,,,,,,,,,,,,
Subdwarf,Known Variable,178.3690795069814,-10.778420164505205,0.7911421620027521,3587307288649776000,,,,,,,,,,,,,,,
Subdwarf,Known Variable,179.84177295139503,-4.024127011896042,1.4954750169811608,3600739335011156992,,,,,,,,,,,,,,,
Subdwarf,Known Variable,188.2481599643028,-28.00522797004056,0.6249267920344245,3472215668493007360,,,,,,,,,,,,,,,
Subdwarf,Known Variable,197.430339963243,-27.9266727473108,0.9935121196631872,6186164064990970496,,,,,,,,,,,,,,,
Subdwarf,Known Variable,206.68299135893648,-23.48730107188795,0.8606745826453119,6191319949891459456,,,,,,,,,,,,,,,
Subdwarf,Known Variable,215.4089624957668,7.888789344273761,0.5450496170963138,3673736938474590720,,,,,,,,,,,,,,,
Subdwarf,Known Variable,217.3656669282875,19.360150370677417,0.7061796755597991,1239364769480858496,,,,,,,,,,,,,,,
Subdwarf,Known Variable,218.83434051647228,23.75841446305381,1.8232115475993376,1242834931257532032,,,,,,,,,,,,,,,
Subdwarf,Known Variable,220.0586426568088,23.12635166591829,0.6684567255121953,1242599704488616704,,,,,,,,,,,,,,,
Subdwarf,Known Variable,224.8687861397132,19.063787938913347,1.30390506653795,1188933362275187200,,,,,,,,,,,,,,,
Subdwarf,Known Variable,232.79320486536807,10.250211480692268,1.4563747805716123,1165963744033018496,,,,,,,,,,,,,,,
Subdwarf,Known Variable,237.7012384970069,16.440373796800237,0.6751561279375504,1196375273586921472,,,,,,,,,,,,,,,
Subdwarf,Known Variable,239.1400295179701,22.0460768605214,0.6506071405839561,1206214356465503616,,,,,,,,,,,,,,,
Subdwarf,Known Variable,240.3075588592361,22.09625237295095,0.8490106804421274,1206171681670509568,,,,,,,,,,,,,,,
Subdwarf,Known Variable,242.0763524903357,12.200692178440775,0.4966571877233319,4458009614675393408,,,,,,,,,,,,,,,
Subdwarf,Known Variable,242.95557132584293,19.39737099305104,0.5531284064677388,1201659389029469184,,,,,,,,,,,,,,,
Subdwarf,Known Variable,243.3315125870904,11.337728570004304,0.6963153949005877,4456908526797981056,,,,,,,,,,,,,,,
Subdwarf,Known Variable,243.36493873176912,8.89840006744951,1.0802065593731551,4452964853466754048,,,,,,,,,,,,,,,
Subdwarf,Known Variable,245.7360816995248,47.51419146116103,0.551408241496643,1410860511508492288,,,,,,,,,,,,,,,
Subdwarf,Known Variable,245.93686931959067,12.48696857152107,0.5767837989291774,4460144011560675584,,,,,,,,,,,,,,,
Subdwarf,Known Variable,246.94467235687847,46.97985053338272,1.1645550848581308,1410063571736477568,,,,,,,,,,,,,,,
Subdwarf,Known Variable,251.1548546266389,-0.0015193325656706,1.4287516654600736,4382904797178453504,,,,,,,,,,,,,,,
Subdwarf,Known Variable,262.9743293283142,6.785276703903076,1.180225742492097,4486823725632828800,,,,,,,,,,,,,,,
Subdwarf,Known Variable,263.76325858135124,32.606193839518696,0.8499833757198024,4601722763749694592,,,,,,,,,,,,,,,
Subdwarf,Known Variable,263.9314347486579,9.14355110990202,2.178979289291651,4487798721865489152,,,,,,,,,,,,,,,
Subdwarf,Known Variable,264.12615788333585,7.600659245328314,1.3687499640454854,4487346891305390592,,,,,,,,,,,,,,,
Subdwarf,Known Variable,270.0302535860401,31.577044135555543,0.6680333010056891,4603104815507642752,,,,,,,,,,,,,,,
Subdwarf,Known Variable,272.63346523050024,5.65276256749881,1.781699101061538,4471636686912099456,,,,,,,,,,,,,,,
Subdwarf,Known Variable,272.8666303668662,-67.38248774975999,1.109496993106052,6436060174406130176,,,,,,,,,,,,,,,
Subdwarf,Known Variable,274.1472075131631,46.38791511255478,1.0128051327278471,2121507140335079424,,,,,,,,,,,,,,,
Subdwarf,Known Variable,283.07503192248413,-21.797435822553386,1.1202168696826391,4078817195637328256,,,,,,,,,,,,,,,
Subdwarf,Known Variable,285.02480927184854,62.39895234050663,0.6695329057110947,2252213921550077056,,,,,,,,,,,,,,,
Subdwarf,Known Variable,285.75467382498465,34.75804964566552,0.4965909211134481,2092525388221505792,,,,,,,,,,,,,,,
Subdwarf,Known Variable,291.539357566941,37.33556192999486,1.716930099751694,2051770507972278016,,,,,,,,,,,,,,,
Subdwarf,Known Variable,293.36050268007784,-33.66241655889594,1.1123235856982865,6744791632048388864,,,,,,,,,,,,,,,
Subdwarf,Known Variable,298.5621804155403,-42.11812380549483,1.2034645731938176,6687026108621705216,,,,,,,,,,,,,,,
Subdwarf,Known Variable,300.7676969082305,-56.24798567547663,0.5204163853077061,6448016847955672832,,,,,,,,,,,,,,,
Subdwarf,Known Variable,301.13744551809,-56.89567850693019,0.993799381525436,6447905144446115712,,,,,,,,,,,,,,,
Subdwarf,Known Variable,301.6311546714109,1.718278691848829,1.0728432625474118,4237604850972555776,,,,,,,,,,,,,,,
Subdwarf,Known Variable,303.17264638402315,-43.848211740807656,0.7128834703951029,6673897424389604736,,,,,,,,,,,,,,,
Subdwarf,Known Variable,305.0019471006415,4.632371626316477,1.3286670277086383,4245906369913936000,,,,,,,,,,,,,,,
Subdwarf,Known Variable,305.10858647275734,-19.03069804331752,0.7318937858002432,6860561685237891584,,,,,,,,,,,,,,,
Subdwarf,Known Variable,305.49928833729274,-7.016154041892731,0.8038462253586394,4216176365771393920,,,,,,,,,,,,,,,
Subdwarf,Known Variable,305.71363327037824,-65.42237831283518,1.6623996391525768,6429036528482072576,,,,,,,,,,,,,,,
Subdwarf,Known Variable,307.8262918849616,1.090449945983697,2.7448350554008205,4230753789714485376,,,,,,,,,,,,,,,
Subdwarf,Known Variable,308.9570058500074,-46.62934394328615,0.7583214863117632,6674565274623506560,,,,,,,,,,,,,,,
Subdwarf,Known Variable,309.50378197144096,4.485612552339557,0.7140267456199323,4233362621569490688,,,,,,,,,,,,,,,
Subdwarf,Known Variable,309.80525363021104,20.21874631204421,1.7029592728110243,1817266534856772096,,,,,,,,,,,,,,,
Subdwarf,Known Variable,309.9432757829982,-17.901388306443454,1.1461500568076313,6861501321001347328,,,,,,,,,,,,,,,
Subdwarf,Known Variable,309.95450705655355,-15.959155799674392,0.7936768105348728,6863088397315654656,,,,,,,,,,,,,,,
Subdwarf,Known Variable,309.98208806171084,-15.496550871081356,0.8689483266630212,6863175705410950016,,,,,,,,,,,,,,,
Subdwarf,Known Variable,310.38781399621536,-17.693148077380318,0.8686851570612042,6861875051874827008,,,,,,,,,,,,,,,
Subdwarf,Known Variable,313.254379343505,4.176384796517063,0.7709119521403105,1734533812483812736,,,,,,,,,,,,,,,
Subdwarf,Known Variable,315.72620363166186,-19.054678368443565,1.0032323969510832,6833501737706325376,,,,,,,,,,,,,,,
Subdwarf,Known Variable,317.67245130596257,14.433000087712148,0.9422216419871328,1759968097711823232,,,,,,,,,,,,,,,
Subdwarf,Known Variable,319.51366879750987,14.68163290472805,0.8927709958518376,1759463868550744576,,,,,,,,,,,,,,,
Subdwarf,Known Variable,322.50937174401474,-23.99055700126658,0.5889842497446226,6815543349866435968,,,,,,,,,,,,,,,
Subdwarf,Known Variable,322.8711003832664,19.86580107715061,2.6157185035085595,1787066145893240576,,,,,,,,,,,,,,,
Subdwarf,Known Variable,323.49153841016584,-48.9674981281341,0.986934056913562,6562925846101484544,,,,,,,,,,,,,,,
Subdwarf,Known Variable,324.00566066894805,-72.8076397039159,2.2730097286332125,6371205304939458944,,,,,,,,,,,,,,,
Subdwarf,Known Variable,326.225606306202,-42.84675478953463,1.071694719446668,6566180331799837056,,,,,,,,,,,,,,,
Subdwarf,Known Variable,327.80448622018594,-21.117905313056664,1.3180135305502196,6817299093841252864,,,,,,,,,,,,,,,
Subdwarf,Known Variable,331.0504110923714,26.418822176813286,0.7388034359981052,1891930796082743680,,,,,,,,,,,,,,,
Subdwarf,Known Variable,331.07550586673227,43.91922351364831,1.6111489303463518,1962471510753821312,,,,,,,,,,,,,,,
Subdwarf,Known Variable,332.1044042532216,-43.20050697991044,1.4157212829599926,6568283285227349760,,,,,,,,,,,,,,,
Subdwarf,Known Variable,332.1721804205834,-19.62761663528705,1.1163116535107642,6822184640615803264,,,,,,,,,,,,,,,
Subdwarf,Known Variable,332.65391883243973,27.54754173062261,0.6395850539810113,1892475088698125824,,,,,,,,,,,,,,,
Subdwarf,Known Variable,334.44788142739367,-61.11711046810931,1.1447863025407985,6406278012175484416,,,,,,,,,,,,,,,
Subdwarf,Known Variable,334.5222341862537,-20.28599905788806,0.9432279074630102,6821150133317605888,,,,,,,,,,,,,,,
Subdwarf,Known Variable,335.62236441280385,22.91838674414906,0.7716668820955661,1878151338406148352,,,,,,,,,,,,,,,
Subdwarf,Known Variable,335.741966329949,-18.3195214817538,1.1947226928552386,6822573416760233216,,,,,,,,,,,,,,,
Subdwarf,Known Variable,337.31836957568146,38.61780444162411,1.0154888630633765,1908586816697297536,,,,,,,,,,,,,,,
Subdwarf,Known Variable,338.9461311001221,23.79422150361307,0.9294711927152002,1876904938896587008,,,,,,,,,,,,,,,
Subdwarf,Known Variable,341.2650961052298,32.36420939672343,1.432175840293742,1890677009230168704,,,,,,,,,,,,,,,
Subdwarf,Known Variable,341.31686326460834,-47.88566389727709,0.6447969141613443,6515977489868764288,,,,,,,,,,,,,,,
Subdwarf,Known Variable,341.8919730598532,33.01099849704369,0.4757147094093821,1890817059523265024,,,,,,,,,,,,,,,
Subdwarf,Known Variable,343.1580576736969,43.41413660762024,1.8756105319032248,1934660360560498816,,,,,,,,,,,,,,,
Subdwarf,Known Variable,343.68568049257544,-55.25183921812607,3.3837932481216533,6506045390880965504,,,,,,,,,,,,,,,
Subdwarf,Known Variable,345.44092400945084,13.64370730676035,1.167383608452328,2815153223450428032,,,,,,,,,,,,,,,
Subdwarf,Known Variable,345.483992633262,-48.06346091898227,1.8458329163726963,6515442543103530624,,,,,,,,,,,,,,,
Subdwarf,Known Variable,345.651998798474,-71.21687221291731,0.6456209614829731,6384029566185251968,,,,,,,,,,,,,,,
Subdwarf,Known Variable,348.8395560854151,29.08367795329716,2.5748541498309256,2846162921688127360,,,,,,,,,,,,,,,
Subdwarf,Known Variable,350.96172449753175,14.519033504718797,0.7995114631135034,2813823634719060352,,,,,,,,,,,,,,,
Subdwarf,Known Variable,351.11454799103154,21.647554971360297,1.1184350794886753,2837982520817733376,,,,,,,,,,,,,,,
Subdwarf,Known Variable,351.7186199027638,12.506055467522652,1.3861712522280896,2812551023024830720,,,,,,,,,,,,,,,
Subdwarf,Known Variable,352.95820486206856,-28.88140433927189,1.5432736347427898,2329479382474794240,,,,,,,,,,,,,,,
Subdwarf,Known Variable,353.52097012653456,-32.11389032646228,1.1680816482634584,2325452867814971136,,,,,,,,,,,,,,,
Subdwarf,Known Variable,356.57413840675605,-29.463932106184625,0.8625616091635688,2327511673273331456,,,,,,,,,,,,,,,
Subdwarf,Known Variable,357.9319271335097,-31.31472515705222,0.5017292221367169,2326356155272564480,,,,,,,,,,,,,,,
ZZ Ceti,Known Variable,4.685320474720728,-25.61216090269223,16.323201642780685,2323704339384503040,,,,,,,,,,,,,,,
ZZ Ceti,Known Variable,346.5740372480823,24.5352080145307,19.691774347210195,2842650153836732928,,,,,,,,,,,,,,,
ZZ Ceti,Known Variable,247.0550893997157,12.414242597493132,12.8495375568124,4460327252045435648,,,,,,,,,,,,,,,
ZZ Ceti,Known Variable,42.36522948636459,32.8532214561861,14.478334964443851,136610338318092544,,,,,,,,,,,,,,,
ZZ Ceti,Known Variable,74.86183858883626,55.42156468013174,14.660299804168352,279512833789658752,,,,,,,,,,,,,,,
ZZ Ceti,Known Variable,180.4307433455224,80.08300465894118,15.199741334010064,1717969674107797760,,,,,,,,,,,,,,,
ZZ Ceti,Known Variable,172.29715279145736,-22.56232429407201,11.944724720819108,3541237717085787008,,,,,,,,,,,,,,,
ZZ Ceti,Known Variable,177.97600067663907,5.476665737783082,24.802381616636648,3897445571422443904,,,,,,,,,,,,,,,
ZZ Ceti,Known Variable,206.44270394541653,-23.95291656209057,15.11490701675837,6191268135405788544,,,,,,,,,,,,,,,
ZZ Ceti,Known Variable,133.7802061158019,6.594446478845334,8.366518339985053,584401463934612352,,,,,,,,,,,,,,,
ZZ Ceti,Known Variable,214.2865425177468,0.9742534229151084,5.485463288703149,3666095916777028608,,,,,,,,,,,,,,,
DA,Known Variable,265.9546566567116,-39.14032929528653,46.82772837534591,5961193055261256320,5.961193055261257e+18,Gaia EDR3 5961193055261256320,,DA,,8.09,,,,,,5.961193055261257e+18,0.024140358,13.534804,11.887319452803114
DA,Known Variable,28.012371952646653,47.0023898742372,60.56433165675938,356922880493142016,3.56922880493142e+17,Gaia EDR3 356922880493142016,WD 0148+467,DA,H,8.003674,0.262,WDMS,,,NOV,3.56922880493142e+17,-0.11815357,12.495588,11.406672645154332
DA,Known Variable,154.02636874208116,-1.321267546456416,21.61459255944788,3830623164560911872,3.830623164560912e+18,Gaia EDR3 3830623164560911872,WD 1013-010,DA,H,7.162,0.239,,,,,3.830623164560912e+18,0.4001274,15.281872,11.955607266928448
DA,Known Variable,147.25568689205738,-0.3196954387791288,11.721197116250412,3833982271367482624,3.8339822713674824e+18,Gaia EDR3 3833982271367482624,WD 0949-0019,DA,H,7.947,0.571,,,,NOV,3.8339822713674824e+18,0.08579445,16.55159,11.896449847843565
DA,Known Variable,149.71074944273207,1.790035056609581,11.670919105393311,3834721387994870784,3.834721387994871e+18,Gaia EDR3 3834721387994870784,WD 0956+020,DA,H,7.906,0.563,,,,,3.834721387994871e+18,-0.1903143,15.70473,11.040255294229771
DA,Known Variable,151.6905237467464,0.5346193464574054,2.9682789747684155,3834895969825628800,3.8348959698256287e+18,Gaia EDR3 3834895969825628800,,DA,,7.29,0.395,,,,,3.8348959698256287e+18,-0.14816475,16.702888,9.065411579242552
DO,Known Variable,100.81676485977246,1.503518108637641,3.970374584764935,3125897813875563904,3.125897813875564e+18,Gaia EDR3 3125897813875563904,WD 0640+015,DO,,7.9,0.61,,,,,3.125897813875564e+18,-0.5181446,15.748176,8.742333410921562
DA,Known Variable,239.7657764158791,10.937504292504697,6.725504912361773,4455997237817243776,4.4559972378172436e+18,Gaia EDR3 4455997237817243776,,DA,,8.447,0.884,,,,,4.4559972378172436e+18,0.21643066,18.745255,12.883879471194676
DA,Known Variable,245.516379079966,12.22568893574896,17.914653009776476,4460086458999242368,4.460086458999242e+18,Gaia EDR3 4460086458999242368,WD 1619+123,DA,H,7.887,0.555,,,,,4.460086458999242e+18,-0.1964674,14.657778,10.923820003510157
DA,Known Variable,282.44943018192106,-9.963257232467894,30.60725949856137,4203108841963846016,4.203108841963846e+18,Gaia EDR3 4203108841963846016,,DA,,8.05,,,,,,4.203108841963846e+18,-0.017565727,14.317914,11.7470362282
DA,Known Variable,307.15892488566755,-6.145024576862422,28.090753744074537,4217793816094052480,4.2177938160940524e+18,Gaia EDR3 4217793816094052480,,DA,,8.4,0.877,,,,,4.2177938160940524e+18,0.03755951,15.205027,12.44784396273992
DA,Known Variable,177.63756681180746,-6.605364951140685,24.0988709432107,3598424931753893888,3.598424931753894e+18,Gaia EDR3 3598424931753893888,,DA,H,8.491,0.912,,,,,3.598424931753894e+18,0.28005028,16.427322,13.33730547955075
DA,Known Variable,166.99954557056117,-5.159199009183807,40.29254567586476,3788194488314248832,3.7881944883142487e+18,Gaia EDR3 3788194488314248832,WD 1105-048,DA,H,7.85,0.54,WDMS,yes,,,3.7881944883142487e+18,-0.16901588,13.09057,11.11669353451636
DA,Known Variable,223.9398144538385,4.252369347344327,1.5882143691133117,1158050898150073472,1.1580508981500733e+18,Gaia EDR3 1158050898150073472,,DA,H,7.44,0.75,,,,,1.1580508981500733e+18,-0.47702408,16.872458,7.877003604560182
DA,Known Variable,204.2463611230416,-16.32897208367095,16.73106680507634,3603920565746668032,3.603920565746668e+18,Gaia EDR3 3603920565746668032,WD 1334-160,DA,H,8.41,0.87,yes,,,,3.603920565746668e+18,-0.2257595,15.363327,11.480945166493656
DA,Known Variable,226.6088631838793,6.645821768785206,10.059576774292378,1160300056558791168,1.1603000565587912e+18,Gaia EDR3 1160300056558791168,,DA,H,7.447,0.335,,,,,1.1603000565587912e+18,0.13276863,16.57191,11.584808547508157
PG1159,Known Variable,176.64674185603602,0.2092795141480496,0.8016605503133722,3795664157996369024,3.795664157996369e+18,Gaia EDR3 3795664157996369024,WD 1144+004,PG1159,,6.5,0.6,,,,NOV,3.795664157996369e+18,-0.57209396,15.159123,4.679075562537518
DBZA,Known Variable,177.13992970316144,1.4831544488577448,6.853404458111738,3796414192429498880,3.796414192429499e+18,Gaia EDR3 3796414192429498880,WD 1145+017,DBZA,He,8.11,0.656,,,yes,,3.796414192429499e+18,-0.17123604,17.145735,11.325266813722038
DA,Known Variable,229.6111499065864,6.970326461261792,2.8631392572887764,1163266672074075008,1.1632666720740751e+18,Gaia EDR3 1163266672074075008,,DA,H,6.82,0.224,WDMS,,,VAR,1.1632666720740751e+18,0.13670349,17.519577,9.803789358692132
DB,Known Variable,162.13597832424347,-2.020295523574426,13.83837697211718,3802622073735216128,3.802622073735216e+18,Gaia EDR3 3802622073735216128,WD 1046-017,DB,He,8.07,0.631,,,,,3.802622073735216e+18,-0.114551544,15.7418165,11.447242285362666
DA,Known Variable,166.31285409245874,0.2740490048710345,21.299138654165315,3804239558419007744,3.8042395584190075e+18,Gaia EDR3 3804239558419007744,WD 1102+005,DA,H,8.26,0.769,,,,NOV,3.8042395584190075e+18,-0.063759804,15.291294,11.93310420374138
He-sdOB,Known Variable,136.27225433806012,5.550253692129848,1.1832176309614235,580372234855320064,5.8037223485532e+17,Gaia EDR3 580372234855320064,,He-sdOB,,6.3,,,,,,5.8037223485532e+17,-0.41952038,14.054276,4.419599161993743
DA+MS,Known Variable,137.05015861266642,6.072522437758538,3.712128384232548,580790014913812608,5.807900149138126e+17,Gaia EDR3 580790014913812608,WD 0905+062,DA+MS,H,7.44,0.37,WDMS,,,,5.807900149138126e+17,0.571558,17.06851,9.916624939565446
DA,Known Variable,164.1605833710925,-22.88092042789636,27.65107561727103,3549471753507182592,3.5494717535071826e+18,Gaia EDR3 3549471753507182592,WD 1054-226,DA,H,8.083,0.645,,,,,3.5494717535071826e+18,0.39243507,15.955912,13.164472149371694
DA,Known Variable,215.40933239056025,19.47751353351095,3.311844098566314,1239847966186208768,1.2398479661862088e+18,Gaia EDR3 1239847966186208768,,DA,H,7.886,0.548,,,,,1.2398479661862088e+18,-0.14318275,18.964216,11.564565423284677
DA,Known Variable,207.8260895621944,18.31689729183245,7.10138802235139,1245026464090289280,1.2450264640902892e+18,Gaia EDR3 1245026464090289280,,DA,H,7.546,0.381,,,,,1.2450264640902892e+18,-0.13117409,16.906656,11.163372216505309
CV,Known Variable,211.12232477016173,17.399908630673828,1.934382774440884,1245262790370992256,1.245262790370992e+18,Gaia EDR3 1245262790370992256,,CV,,,,,,,,1.245262790370992e+18,0.39891052,17.083405,8.516117080841907
DA,Known Variable,207.17312282702505,18.56962098706392,5.989087363196758,1245093225062192640,1.2450932250621926e+18,Gaia EDR3 1245093225062192640,WD 1346+188,DA,,7.96,0.59,WDMS,,,,1.2450932250621926e+18,1.2823505,16.806898,10.693701241057669
DA,Known Variable,358.5785169394626,-36.568316024088425,16.32670428289782,2310942857676734848,2.310942857676735e+18,Gaia EDR3 2310942857676734848,WD 2351-368,DA,,8.04,0.51,,,,,2.310942857676735e+18,-0.14161968,15.223864,11.288356633357456
DA,Known Variable,6.526350431005261,-32.406611411403155,9.118827936330934,2315815721412502656,2.3158157214125025e+18,Gaia EDR3 2315815721412502656,,DA,,,,,,,,2.3158157214125025e+18,0.039848328,17.03384,11.833535105295969
DA,Known Variable,8.707865970293282,-31.49795579919753,2.31987048172748,2317319612801004416,2.3173196128010045e+18,Gaia EDR3 2317319612801004416,WD 0032-317,DA,H,7.262,0.392,,,,,2.3173196128010045e+18,-0.34326363,16.096535,7.923853694624276
CV,Known Variable,153.58956843575152,6.6492360437001405,5.281485594663208,3873721404734233344,3.8737214047342336e+18,Gaia EDR3 3873721404734233344,,CV,,8.031,0.619,,,,,3.8737214047342336e+18,0.14883232,18.211748,11.82552849791153
DA:,Known Variable,168.31801204179175,28.983882293873283,19.482968480208093,3999033225988190720,3.9990332259881907e+18,Gaia EDR3 3999033225988190720,WD 1110+292,DA:,H,7.344,0.266,,,,,3.9990332259881907e+18,1.1702213,17.888472,14.336747639601166
DA,Known Variable,155.7148994098113,16.197716868501697,1.864022424249924,3890059941364406144,3.8900599413644063e+18,Gaia EDR3 3890059941364406144,,DA,H,6.522,0.166,,,,,3.8900599413644063e+18,-0.27519035,17.80521,9.157465663130113
DA,Known Variable,184.02724840290583,28.11338158588088,5.043865535980129,4009851428268802944,4.009851428268803e+18,Gaia EDR3 4009851428268802944,,DA,H,7.756,0.497,,,,,4.009851428268803e+18,-0.2984829,16.887178,10.4009955011624
DA+MS,Known Variable,186.6284692225321,30.647966916525814,3.4364008604288125,4012093916593061120,4.012093916593061e+18,Gaia EDR3 4012093916593061120,WD 1224+309,DA+MS,H,7.41,0.4,WDMS,,,,4.012093916593061e+18,0.16391373,16.040756,8.721275095525153
DA,Known Variable,180.8395007479399,30.773838568525207,7.144412089881939,4014351244029829760,4.0143512440298296e+18,Gaia EDR3 4014351244029829760,WD 1200+310,DA,H,7.963,0.583,,,,,4.0143512440298296e+18,0.03151512,17.409658,11.679490483601937
DO,Known Variable,183.48389897429504,32.94217831576029,6.264204192564965,4016474027321256704,4.016474027321257e+18,Gaia EDR3 4016474027321256704,WD 1211+332,DO,,7.8,0.56,,,,,4.016474027321257e+18,-0.50910854,14.635573,8.61990252930025
DA,Known Variable,174.27051073131526,29.7994689522561,63.73294526558126,4019458647338779648,4.0194586473387796e+18,Gaia EDR3 4019458647338779648,WD 1134+300,DA,H,8.548882,0.965,,,,,4.0194586473387796e+18,-0.28808403,12.492209,11.514028944120158
DA,Known Variable,173.5971362907532,31.76844362093164,17.19066149965405,4024374774280462976,4.024374774280463e+18,Gaia EDR3 4024374774280462976,WD 1131+320,DA,H,8.027,0.626,,,,,4.024374774280463e+18,-0.11356735,15.294954,11.47141694368019
DB,Known Variable,263.2352094593483,-87.16802598134693,14.443146938645445,5765364850325338880,5.765364850325339e+18,Gaia EDR3 5765364850325338880,WD 1708-871,DB,He,8.05,0.64,,,,,5.765364850325339e+18,-0.278862,14.736713,10.535022148019412
DC,Known Variable,309.2276310180703,-43.37545870263621,1.229450936594924,6676258178933058048,6.676258178933058e+18,Gaia EDR3 6676258178933058048,WD 2033-435,DC,,,,,,,,6.676258178933058e+18,0.10832596,15.812719,6.261275010671572
DA,Known Variable,209.4108865903106,-2.97214129586747,7.351714213236258,3657568761722508672,3.657568761722509e+18,Gaia EDR3 3657568761722508672,,DA,,,,,,,,3.657568761722509e+18,-0.09308624,16.143492,10.475435080827388
DA+dM,Known Variable,204.0655736147083,0.2917517215975215,10.770237877490857,3662988495054111232,3.662988495054111e+18,Gaia EDR3 3662988495054111232,WD 1333+005,DA+dM,,,,,,,,3.662988495054111e+18,1.5297928,16.694715,11.855841477372344
DB,Known Variable,232.03412355689764,21.64636037851269,1.8571644731843773,1214396952063253632,1.2143969520632535e+18,Gaia EDR3 1214396952063253632,,DB,He,7.82,0.532,,,,,1.2143969520632535e+18,-0.29380798,18.58493,9.929181835966912
DA,Known Variable,22.74240715651245,53.360645718390415,6.596703287298159,407508116250828800,4.075081162508288e+17,Gaia EDR3 407508116250828800,,DA,,,,,,,,4.075081162508288e+17,0.21811485,14.857038,8.95367275207796
DA,Known Variable,254.2912014468113,21.444299762560085,47.63472232582776,4565048312887877888,4.5650483128878776e+18,Gaia EDR3 4565048312887877888,WD 1655+215,DA,H,8.025,0.613,,,,NOV,4.5650483128878776e+18,0.2261095,14.079671,12.469289189773692
DA,Known Variable,253.6104720787716,23.878073418995186,10.0305921091722,4566554472019360128,4.5665544720193603e+18,Gaia EDR3 4566554472019360128,,DA,,8.033,0.622,,,,,4.5665544720193603e+18,0.052480698,16.988272,11.994904851620635
DA,Known Variable,296.3821940204825,16.45945521937809,21.379740768623066,1820678800528443776,1.820678800528444e+18,Gaia EDR3 1820678800528443776,WD 1943+163,DA,H,7.802,0.512,,,,,1.820678800528444e+18,-0.10328102,14.074405,10.724417175215276
DA,Known Variable,47.95520026350009,19.014964275614343,20.78486172616245,59077760488621184,5.907776048862118e+16,Gaia EDR3 59077760488621184,WD 0308+188,DA,H,7.887,0.558,,,,,5.907776048862118e+16,-0.23027992,14.205873,10.79460869827314
CV,Known Variable,9.167876609208893,23.142038880790256,2.006309305251502,2805913271327662976,2.805913271327663e+18,Gaia EDR3 2805913271327662976,,CV,,,,,,,,2.805913271327663e+18,0.48624802,18.391079,9.90306843706326
DAH,Known Variable,349.68840898355177,12.600695332600958,24.806020307538827,2811321837744375936,2.811321837744376e+18,Gaia EDR3 2811321837744375936,WD 2316+123,DAH,,8.405,0.866,,yes,,NOV,2.811321837744376e+18,0.024474144,15.415079,12.387864474502802
DC,Known Variable,351.52725412109226,16.00484268863722,29.591357603626907,2814629409239942272,2.814629409239942e+18,Gaia EDR3 2814629409239942272,WD 2323+157.1,DC,He,7.965,0.559,,,,,2.814629409239942e+18,0.109311104,15.0528145,12.408638951730612
DA,Known Variable,347.12751177873537,13.323293485833638,16.841998766642014,2814942392095501952,2.814942392095502e+18,Gaia EDR3 2814942392095501952,WD 2306+130,DA,H,7.971,0.591,,,,NOV,2.814942392095502e+18,-0.073449135,15.384118,11.516086156071122
DB,Known Variable,348.19417688773706,17.86638701019661,13.113648817865917,2818982719370879232,2.818982719370879e+18,Gaia EDR3 2818982719370879232,WD 2310+175,DB,He,8.37,0.82,,,,,2.818982719370879e+18,-0.14136505,15.928297,11.516914745628712
DA,Known Variable,301.5704648225398,59.04044033096808,13.13099234475093,2236381950543626240,2.2363819505436262e+18,Gaia EDR3 2236381950543626240,,DA,H,7.749,0.477,,,,,2.2363819505436262e+18,-0.12233162,15.512101,11.103588740715592
D,Known Variable,132.0645149059338,-74.3150722990226,2.20706836814267,5216785445160303744,5.216785445160304e+18,ASASSN-V J084815.55-741854.3,,D,,,,,,,,5.216785445160304e+18,-0.15523529,12.566651,4.285729932340249
PG1159,Known Variable,8.054738883255395,16.076395173445263,2.4077392858149125,2780903539324180736,2.7809035393241805e+18,Gaia EDR3 2780903539324180736,,PG1159,,7.5,,,,,,2.7809035393241805e+18,-0.56003666,15.7510395,7.659086794860185
DAZ,Known Variable,12.552013513913211,19.32998876228861,10.62419358512188,2788992130973584640,2.7889921309735844e+18,Gaia EDR3 2788992130973584640,WD 0047+190,DAZ,H,7.996,0.613,,,,,2.7889921309735844e+18,-0.17659092,15.973885,11.1053648772245
DA,Known Variable,12.796293301184514,20.52276052916191,11.976703722346969,2789398778477164672,2.7893987784771645e+18,Gaia EDR3 2789398778477164672,WD 0048+202,DA,H,7.953,0.596,,,,,2.7893987784771645e+18,-0.26497555,15.38349,10.775176530927263
CV,Known Variable,7.965697227452354,20.34750740231916,2.7078181629256504,2796463449923353856,2.7964634499233536e+18,Gaia EDR3 2796463449923353856,,CV,,,,,,,,2.7964634499233536e+18,0.57489014,17.929935,10.093032484907695
DA,Known Variable,15.953601345810831,6.251477295073554,16.377980264712978,2576468559232835456,2.5764685592328356e+18,Gaia EDR3 2576468559232835456,WD 0101+059,DA,H,8.417,0.871,,,,,2.5764685592328356e+18,-0.08998585,16.011124,12.082425717288787
DOZ,Known Variable,17.77741968373188,10.360607576261469,3.362875217150926,2579961535875580800,2.579961535875581e+18,Gaia EDR3 2579961535875580800,WD 0108+100,DOZ,,7.5,0.54,,,,,2.579961535875581e+18,-0.4876957,15.555061,8.188614763411998
DA,Known Variable,22.940247151694667,10.94971036231363,10.115281839706885,2585306399337120128,2.5853063993371203e+18,Gaia EDR3 2585306399337120128,WD 0129+106,DA,H,7.994,0.61,,,,,2.5853063993371203e+18,-0.18337631,16.200047,11.22493693959949
DA,Known Variable,22.14105345017056,13.855891130144656,26.57064810532068,2587268134239449728,2.5872681342394496e+18,Gaia EDR3 2587268134239449728,,DA,H,7.897,0.55,,,,,2.5872681342394496e+18,-0.0688076,14.323541,11.445551738767923
DA,Known Variable,36.76822557569179,59.25063979469582,26.529918281220287,459237630076876672,4.592376300768767e+17,Gaia EDR3 459237630076876672,,DA,H,7.847,0.506,,,,,4.592376300768767e+17,0.4659996,15.945065,13.063744561244146
DB,Known Variable,277.8818169456406,42.038911978598485,0.7103814821385394,2111270034246759424,2.1112700342467594e+18,Gaia EDR3 2111270034246759424,,DB,,7.14,0.243,,,,,2.1112700342467594e+18,-0.18583679,17.54681,6.804268159757369
DA,Known Variable,273.09480529986246,43.35229647967539,17.212039005410332,2114811453822316160,2.114811453822316e+18,Gaia EDR3 2114811453822316160,,DA,,8.49,0.917,,,,VAR,2.114811453822316e+18,0.005001068,16.243559,12.422720607984289
sdB,Known Variable,281.16320931275703,43.3745020679109,0.9513869138302974,2116887920191163776,2.116887920191164e+18,V*V344Lyr,,sdB,,5.94,,,,,,2.116887920191164e+18,0.6197319,18.784142,8.675927867380855
DA,Known Variable,322.63783826823266,-22.30079880492373,1.7898261896122278,6828182472250027776,6.828182472250028e+18,Gaia EDR3 6828182472250027776,,DA,,,,,,,,6.828182472250028e+18,-0.3741455,16.300097,7.564151293007386
sdB,Known Variable,318.4125372760957,-20.58690936203609,0.7912203841019226,6832212598979053696,6.832212598979054e+18,GALEXJ21136-2035,,sdB,,,,,,,,6.832212598979054e+18,-0.3342762,14.528239,4.019726337011257
DA+MS,Known Variable,261.025605868952,56.33418680011221,2.4834779955939315,1420761029600606592,1.4207610296006067e+18,Gaia EDR3 1420761029600606592,WD 1723+563,DA+MS,H,7.22,0.36,WDMS,,,,1.4207610296006067e+18,-0.10406494,16.258163,8.233464581804249
DA,Known Variable,263.8051471939805,57.50353268057449,9.556912933829611,1422344395064093056,1.4223443950640932e+18,Gaia EDR3 1422344395064093056,WD 1735+5730,DA,H,7.896,0.547,,,,NOV,1.4223443950640932e+18,-0.040124893,16.60056,11.502148147408228
DA,Known Variable,56.77869951082381,-11.9692684142175,14.680640353223012,5114767980330242688,5.114767980330243e+18,Gaia EDR3 5114767980330242688,WD 0344-121,DA,,8.098,,,,,VAR,5.114767980330243e+18,0.019189835,16.00564,11.839364997180192
DAwk,Known Variable,40.0649764671677,-16.52746255944704,3.2169123625084626,5132830104514788736,5.132830104514788e+18,Gaia EDR3 5132830104514788736,,DAwk,,,,,,,,5.132830104514788e+18,-0.48167133,16.132929,8.670125148467864
DA,Known Variable,276.0344631011385,35.27176222556673,5.20727554674049,2095603539740855296,2.0956035397408553e+18,Gaia EDR3 2095603539740855296,WD 1822+352,DA,,,,,,,,2.0956035397408553e+18,-0.19566536,15.891262,9.474314796447096
DA,Known Variable,8.263240386889695,44.73678310253426,13.017904141052446,388602146952607360,3.8860214695260736e+17,Gaia EDR3 388602146952607360,WD 0030+444,DA,H,7.97,0.583,yes,,,NOV,3.8860214695260736e+17,0.13176346,16.543623,12.116328346182478
DA,Known Variable,8.293396736116748,47.70362646074507,18.171703116013912,390812925536899584,3.908129255368996e+17,Gaia EDR3 390812925536899584,WD 0030+474,DA,H,8.02,0.63,,,,,3.908129255368996e+17,-0.1797123,14.807593,11.104571164119786
DA,Known Variable,303.47210943243124,7.162531104630349,12.27323165401618,4250461749665556224,4.2504617496655565e+18,Gaia EDR3 4250461749665556224,,DA,,8.09,0.656,,,,VAR,4.2504617496655565e+18,0.037122726,16.458334,11.903128657447011
DC,Known Variable,5.562166275795596,42.610504358588834,28.989923340265765,385105360675267840,3.8510536067526784e+17,Gaia EDR3 385105360675267840,WD 0019+423,DC,He,7.332,0.256,,,,,3.8510536067526784e+17,0.8458538,16.371044,13.682279334632252
DA,Known Variable,17.550176255324338,27.01729509733914,17.80302033435167,307116824821161088,3.071168248211611e+17,Gaia EDR3 307116824821161088,WD 0107+267,DA,H,8.021,0.624,,,,,3.071168248211611e+17,-0.11933708,15.141714,11.394182439428752
DA,Known Variable,26.97838185952718,23.661677762881936,33.98067208672025,291057843317534464,2.9105784331753446e+17,Gaia EDR3 291057843317534464,WD 0145+234,DA,H,8.088387,0.67,,,,NOV,2.9105784331753446e+17,-0.05842781,14.0291395,11.685299321556752
DA,Known Variable,24.72100004295841,25.38939491336508,12.32966681291112,292454841560140032,2.9245484156014e+17,Gaia EDR3 292454841560140032,WD 0136+251,DA,H,8.829112821006785,1.1282406152927078,,yes,,,2.9245484156014e+17,-0.47868633,15.915779,11.370535703631834
DA,Known Variable,91.48120246816023,5.087002158494481,12.341842149628157,3318463707678938368,3.318463707678938e+18,Gaia EDR3 3318463707678938368,,DA,H,8.08,0.649,,,,,3.318463707678938e+18,0.15002632,16.78163,12.238529937752132
DA+MS,Known Variable,225.0805208634769,16.987276812539022,4.461136093602705,1187637042361283456,1.1876370423612836e+18,Gaia EDR3 1187637042361283456,WD 1458+171,DA+MS,H,7.45,0.42,WDMS,,,,1.1876370423612836e+18,0.38266754,16.129498,9.37672536121944
DA,Known Variable,223.04746744596792,16.634596478991792,10.216358398117771,1188119762325721600,1.1881197623257216e+18,Gaia EDR3 1188119762325721600,WD 1449+168,DA,H,7.794,0.516,,,,,1.1881197623257216e+18,-0.29509544,15.445389,10.491869599621875
DA,Known Variable,235.3326705129276,12.154002172847044,2.700253876836196,1190316479183748992,1.190316479183749e+18,Gaia EDR3 1190316479183748992,,DA,H,6.615,0.189,,,,,1.190316479183749e+18,-0.19686127,17.031586,9.188608991398096
DA,Known Variable,113.61355418816184,48.686720451285645,30.76028410392692,976040702520790400,9.760407025207904e+17,Gaia EDR3 976040702520790400,WD 0730+487,DA,H,8.609585,0.989,,,,,9.760407025207904e+17,-0.08981037,14.931609,12.37156071159592
DA,Known Variable,319.21951258585847,73.84454641089567,6.281882849814815,2274129833990167680,2.2741298339901676e+18,Gaia EDR3 2274129833990167680,WD 2116+736,DA,H,7.7,0.58,,,,,2.2741298339901676e+18,-0.49273968,14.78475,8.775199165125084
sdB,Known Variable,291.22430957477053,-59.17258200121662,0.8511473983321044,6446332842819137792,6.446332842819138e+18,EC19205-5916,,sdB,,,,,,,,6.446332842819138e+18,-0.17358589,14.740775,4.39079887997103
DB,Known Variable,309.3695154998485,14.897931193938826,11.395614893031144,1810475401285228928,1.810475401285229e+18,Gaia EDR3 1810475401285228928,,DB,,7.961,0.582,,,,,1.810475401285229e+18,-0.2922144,15.149797,10.433485820660325
