RA,Dec,BP-RP,G,Parallax,Absolute Magnitude,Source ID,ZTF LC
43.90872625452659,-22.7841796423204,0.31957245,17.160236,4.921864601154703,10.620884311177493,5078976609103251456,yes
301.4183072695112,68.54071877591336,0.6215019,16.481161,3.8501148355933865,9.40852941601103,2250058535161610240,yes
59.5604983893695,-21.637194072093813,-0.30350304,17.822313,1.2464693517106138,8.30072102251586,5090605830056251776,yes
64.07478415456768,-17.762378786816658,0.07870674,16.346739,12.426371198180425,11.818460613162248,5093424260611799424,yes
48.55588355471563,-22.595498784892733,0.08362198,18.16056,6.232673223217373,12.13393178793843,5099482805904892288,yes
51.10991737638375,-21.54567189632332,0.1340332,17.61154,3.8528090071156815,10.54042740269328,5099801668570097920,yes
267.5485497686546,-16.45781317930265,3.0482807,19.357697,8.050119368916995,13.886708601142203,4147857244412628352,yes
27.725429804893142,48.63519970253247,1.2854843,17.583227,1.946158052346317,9.029117537509862,357182399598108160,yes
26.648907016930192,49.24526434957298,0.31349564,16.992226,17.64362910023384,13.22516559788538,357457350520905216,yes
121.00806002244954,-21.30887671766816,0.37242126,17.000807,1.879045255021143,8.37049319898396,5712922371936446080,yes
302.4043764957888,16.872101703266363,-0.010599136,16.790318,2.927188595877719,9.122571522504424,1809460380271929344,yes
44.41870479894303,33.468980061042366,1.6618614,18.918629,4.132126779846918,11.99949718929027,136889369456934912,yes
41.44458605652858,34.48371777943085,-0.12314415,16.857626,7.868173941538455,11.33699576145721,140006416203288320,yes
137.10040164306827,-1.4227439977077778,0.17073631,17.443316,1.3231566072384822,8.051372249034,3841879621008877440,yes
139.45087253940676,0.1781952340723616,-0.4377823,17.405798,2.4620756093237546,9.362304929020114,3842377248804727168,yes
107.53692676707092,-23.49517572027265,0.575717,15.158799,1.8538547272512973,6.499177493635004,2927511938747177600,yes
107.1159533610384,-22.58672986146903,0.89762974,17.078846,1.321707188090904,7.684522259554448,2927822138469770880,yes
285.57922183263025,23.716112658160835,-0.06844425,15.528739,0.8390021856679364,5.147554461010532,4533452746765000960,yes
295.67075257432424,17.403534301429502,1.4668903,18.108322,5.940067695450314,11.97727897203812,1823995133771916928,yes
336.87123067232625,56.56547868549062,1.4175596,16.817175,3.5215141349790446,9.55082217971598,2007514104093950080,yes
223.82621303912168,-24.56177202129384,0.044883728,17.016365,1.4618200791757354,7.840834614717924,6229277114211290752,yes
76.66591765202585,-14.086382210003578,0.06534767,18.19447,5.2537397297385775,11.796812770173606,2986863851282364416,yes
77.40892576123774,-12.205350525651273,1.0022354,17.752289,2.0216120599621705,9.280778098554643,2989398771043030528,yes
101.15871379551456,-0.7640284409465966,-0.34508705,17.270922,1.816263606472784,8.566816404097942,3107374277060584064,yes
57.07476648097212,63.537370029519465,0.7319784,15.125261,9.554137096603302,10.0262183443929,487283732158176640,yes
107.53283866039374,-4.142609582888212,0.25172806,15.786045,0.7429011006621706,5.14070000894063,3107625584192085632,yes
346.4080516061257,43.0460900336764,-0.015594482,18.741566,3.5956151091831097,11.52043198357048,1931610757683854720,yes
182.6583049118124,-3.342465866418018,1.1404572,17.478603,1.406216973814827,8.218864679025074,3598253888977250816,yes
229.78471913461595,5.458429072758311,1.3423395,17.484476,2.2869552910610023,9.280764372147663,1156209907663130752,yes
251.26242556787105,-0.0269030859959106,0.8218193,17.875065,1.761614024028758,9.104618795076563,4382902220195467136,yes
174.458153115427,-20.12698386016816,0.25582314,18.844744,4.248551638594853,11.985948506049466,3541998025080414336,yes
108.37094585128804,-15.357012716862132,0.07488632,16.513124,0.6091353202591344,5.436692912372575,3032063709154939392,yes
45.54750698749732,48.0037723383151,0.016998291,16.302242,12.463465138874843,11.780436016381136,436085007572835072,yes
43.76358322937507,47.97594157753235,0.3482952,18.006577,10.37854455222455,13.087259269847038,437628614520520320,yes
33.33081482721087,52.35132399314372,0.023597717,17.769827,2.1739691549690967,9.456093889363736,455164935930210944,yes
36.25749076771269,54.80785844878201,0.54381275,15.46237,15.678769011772957,11.438929809477834,455697821113854720,yes
271.2362897069018,10.017096891137284,-0.1773901,15.8573675,0.5861453981798453,4.697394298474771,4482655996740998656,yes
306.2869568367797,42.79075068866695,-0.04681778,15.065707,0.9934495865442396,5.051436166785472,2068952271239193344,yes
119.16703550996304,4.087916381596226,0.124946594,18.707993,4.18809949566908,11.818077952792834,3095176290760980096,yes
294.14156287641543,20.44760565787967,0.21511269,18.662676,3.601882559966746,11.445323742320577,1825624055878307840,yes
35.38755907567554,62.63387520443484,1.7311001,17.9987,3.2616311513430203,10.565874231722235,513866556071601408,yes
236.54734500312105,-20.50372295706502,0.08802223,16.387981,17.945574181451562,12.657767792267077,6241671638211603968,yes
25.92980858023485,58.69757182626106,-0.26622772,16.891737,2.5777595143042102,8.947948992390417,506086549232654720,yes
28.054784553382664,59.02502512397794,0.024961472,15.274177,1.058499166194131,5.397629601255517,506328957187371776,yes
219.9624454297572,16.542024958064832,1.8668289,19.030634,2.7433082288798025,11.222007031061713,1234837148101958144,yes
26.60504080842529,40.97640830692072,0.13152504,18.02383,5.177406338590982,11.59439125535422,347421863079033088,yes
311.827881464608,23.330148637415068,0.50336266,17.716755,1.1980193536518522,8.109074170050736,1842315299521820416,yes
284.8531974637941,33.03259009218595,0.21469116,17.717201,10.898567502712789,12.904048092202572,2043899619620928000,yes
313.5995862225621,23.834283140925567,1.3153744,18.173342,5.388243994585784,11.83057826775565,1842568290275338624,yes
311.6041528109532,24.63893277454738,1.0928879,18.399933,1.7686630370301937,9.638158498359092,1843297090388761600,yes
209.26963039950988,19.35922007676969,-0.07655525,16.849094,8.444870483453052,11.482058966543438,1246692121126938240,yes
305.1438442402745,39.369925740357466,-0.41259766,17.390764,3.063927064182544,9.822156114202205,2061416695278519808,yes
349.53046676782105,28.58290288281269,0.3408003,15.45875,1.0815216720485643,5.628926132314296,2845910240171925632,yes
154.49986627772702,14.73756013492925,0.14361382,18.294695,4.280729507295718,11.45228393150947,3888314848907799296,yes
174.54772383967835,26.74479855881268,-0.18257046,15.547985,12.80669059464924,11.085169586206437,4017694519587168128,yes
274.0524109510522,-24.84803139668963,1.7829914,18.633661,10.184529128362504,13.6733657731212,4065193044045073536,yes
138.79664570218185,-4.958556696702965,-0.5364914,16.390034,2.2639126878455333,8.164332367179023,5758736375755925760,yes
137.54586121502746,-2.90478085645576,-0.19997215,16.154915,9.220573797740553,10.97870474053848,5760062141966235520,yes
96.3766994518001,14.73538303938367,0.02038765,15.958118,0.6502953724045264,5.023671317584245,3356702316908290816,yes
299.2909542739428,60.03395067526274,-0.18583298,17.907976,1.0596655153649712,8.033820006723062,2237288944557097600,yes
300.72589030977497,15.996098079498738,1.2781696,17.781515,2.5139638502880945,9.783310142140945,1808077057185851008,yes
292.2241183109081,61.096874948137724,0.031324387,16.424372,11.723533292006769,11.769664605322722,2240031951187372928,yes
205.1188504350996,0.2222617220977527,1.0677261,14.4920435,6.317305528049449,8.494702907376086,3663134214704416768,yes
206.9308215717245,1.4170259193969583,0.15989399,15.460374,0.5972917322303546,4.341306516213297,3664813856154325760,yes
129.05426312130405,-8.039949194939364,-0.36705208,15.280132,0.5069610030159253,3.805004766820833,5753841281270433536,yes
69.88281637454126,-12.102896457986562,-0.35872078,17.19769,3.743740109176109,10.064218461724147,3178036453400637696,yes
266.5246988673232,-3.1662630743020035,0.6034441,15.987483,1.2122551385928793,6.405453168548254,4176942419339829504,yes
72.13359997189382,-10.89724847013922,0.0046215057,16.233076,18.195426498404835,12.532887199235594,3181589319065856384,yes
75.21582814856134,-9.51584551721556,-0.01769352,12.599804,14.032873582894188,8.335537064125331,3183166667278838656,yes
76.35948896507664,-7.574976362131399,-0.39361382,15.740852,6.225953306415784,9.711881296122131,3183970105337419136,yes
232.59839646144223,22.112885246422792,0.3536663,19.502329,3.029956440690192,11.909510925178411,1214510510998076288,yes
73.10546971674341,-5.3130938365122695,1.6466503,18.629232,2.44848219089424,10.573716747561487,3188514593052001792,yes
291.06934435576903,23.654802642501,1.6954288,16.62904,5.660241208789415,10.39321469429307,2022699768477348480,yes
142.70918075469157,-18.310762257625097,0.9514904,16.41648,4.825064841029675,9.833995769655196,5678791778653979264,yes
123.03283426725928,-16.13381367481862,1.1881237,17.351053,1.757157804842317,8.575106829373862,5721548762206332800,yes
140.6992423594488,-17.66607841968434,0.11327934,17.800718,6.3532031178034885,11.815681701775546,5681746853591389568,yes
300.5613399909857,-3.9761970847672568,0.20597267,15.923338,0.8891621457477201,5.668242826124283,4221666192972442240,yes
260.7963322582407,17.969162473334606,-0.38905716,14.648825,1.0207979228356998,4.693523888282813,4553448465214622848,yes
261.4238650676304,20.279672994848795,1.7911987,17.570393,4.919469809815957,11.029984498512842,4554939609148916608,yes
73.21620339137743,68.34060362062388,1.2385406,15.782614,3.398131123609617,8.438814664839057,495994372513137664,yes
78.45301089742276,72.29786737515725,-0.03847313,16.470608,2.462698422819001,8.427664161256793,498913610243369728,yes
315.9078630157888,6.274797297872528,-0.16483307,17.94624,3.9929046677425153,10.952684706784838,1736396350823024640,yes
328.63486072576325,63.69841379675356,-0.10464668,18.880486,4.966615590987016,12.360788737590688,2216598403463898112,yes
127.1603409469378,-26.6062969022468,1.119257,17.252752,1.9603165278289223,8.714383007779036,5694849183916311680,yes
283.0307125956147,-21.688802243789365,1.2349606,18.440178,2.7727219703200863,10.65470961833752,4078842175168086784,yes
318.98997359086417,36.71539419936267,-0.39164162,18.014864,1.293271735430158,8.573312930661952,1867851869401000960,yes
89.81598325729327,25.913752191206505,-0.18801498,15.663874,12.674380455712642,11.178507697525353,3429818633270156416,yes
90.68748726215064,-13.850962973431974,-0.5170536,15.319264,2.5929981137898017,7.388275004265233,2997192526074656640,yes
93.19718750208014,-17.675111752299724,-0.2405672,13.994193,1.1983099016632566,4.387038739587954,2943004023214007424,yes
94.58982085861854,-16.526001003922023,-0.1029129,17.85634,1.1429480791131634,8.14647251038932,2944687547315654784,yes
254.8972820901177,-17.223966643645138,0.15099907,16.054195,0.4963392487204575,4.533088094994779,4132826959121759872,yes
15.124459624392085,16.563870648768226,-0.12845421,16.511248,9.275245538392754,11.347875076372128,2784454721363618432,yes
12.37265801917536,20.453108022581183,0.05624962,16.945713,10.366993989594045,12.02397723373699,2789405753503977472,yes
295.2019291273846,-1.5559162356053653,0.2252407,14.708755,1.405849680905178,5.44844943327881,4238011189241808256,yes
4.974281335943456,42.81348354574514,0.19817924,17.458805,11.554907060706078,12.772637283396357,385166486649719552,yes
9.460283171440098,19.02666433312253,-0.36561584,17.991533,5.025736191598219,11.497531440443044,2795150147707769728,yes
4.43480795745389,43.23137163343246,1.3930521,16.868814,9.625147459420104,11.785850958602378,385195142671241472,yes
9.474030877519091,44.495104389974486,0.5456619,19.174892,6.903745289864526,13.370315799654742,387847572738587392,yes
11.352362625172256,43.62583408622443,0.88820076,16.46996,2.467820761165921,8.431528067601445,387878260280455936,yes
4.591970266282735,43.47024121588292,-0.33844566,17.935644,3.0211976616056395,10.336539699415733,385290559665183744,yes
4.777211488968623,43.75904735870141,0.74171066,20.447714,8.227621694476284,15.024085573245102,385312614320805888,yes
7.142557853069749,45.73389120127937,1.8030853,17.682976,4.503725556981861,10.950835590477764,388912999505086720,yes
6.573842433547431,45.55567476726728,-0.3664093,18.630737,2.097212719789428,10.238949415429692,388932863733332736,yes
6.741802092692255,45.75233863385764,0.22114182,18.689053,4.562012954570018,11.9848355709573,388940147995888768,yes
7.093430659013894,43.06842275031837,-0.42230606,17.15112,1.7298495581028073,8.341161674815083,382537382549429120,yes
6.712994285826616,45.90970233834378,1.2429867,16.76241,7.102734680267537,11.019537960416557,388964852647711616,yes
276.5643790339128,-24.34594696766203,1.258892,15.876946,3.682052091292632,8.707395641645135,4077281860767558400,yes
11.68468400060218,44.69819731476153,0.85362434,17.991148,5.876490675931397,11.836738257027893,388029507552834048,yes
11.793752028611,44.90612264494708,-0.090070724,18.812815,4.393684010681995,12.026959098434702,388058713330720256,yes
4.4003738470371045,44.21529979199647,1.5105534,17.399223,4.698314826889089,10.758933574127507,385526950369482368,yes
6.672288128949892,43.53968707462211,-0.06142044,17.212627,5.661118407057851,10.977138193071667,382590743223001472,yes
6.491624133806852,43.36663593766716,0.33886337,19.508682,4.13546076392448,12.5913015235924,382606097730774144,yes
5.190551436552015,43.96714674177269,-0.09981346,18.71902,3.103213460563816,11.178078252004712,385646797135832576,yes
8.113314510252042,45.74831102608549,1.4378042,15.524472,5.367497555495919,9.17333127659418,389082362953548032,yes
305.37733627859154,20.47675873773752,1.5052586,18.11687,2.489810038279004,10.09770106785962,1816620262545813504,yes
8.978294525748725,46.2515744349134,-0.13189316,19.37623,2.75715771595877,11.578538047452192,389155029503325184,yes
211.64675269573465,74.31677553589897,0.22964573,15.564553,1.6375277203363892,6.635496302669431,1711956376295435520,yes
5.494229582804003,44.845327157872745,1.1212673,15.776691,7.266368729803056,10.083278161175766,385791868248308608,yes
194.1138055859512,77.88373084382037,-0.5775652,15.148117,3.5483949319367367,7.898276751423721,1716738118005409152,yes
250.74036819504275,-27.190353535389608,0.48114014,17.98126,4.9983957307291424,11.47541318459086,6034076554326824704,yes
186.20069443357085,79.34528668153123,-0.25744343,15.538089,11.608571997944653,10.86198299638631,1717665659142919168,yes
9.472831136701522,44.81436981163711,0.9725847,15.643495,8.950162044573808,10.402649491901988,388229760404845056,yes
231.17105628639885,80.83699456232908,0.05866623,18.369669,4.989036550549431,11.859752428338702,1721066238153407872,yes
6.403212888303287,44.512587440929785,-0.067949295,18.704817,3.5248984929935885,11.44055007533567,382779064652834304,yes
6.234468398317243,44.58389512800167,-0.3288555,16.283342,6.542414885300648,10.362032406590387,382791094857742848,yes
5.999127871340721,44.6441215149697,-0.0429821,16.779772,9.22930419191022,11.605616801443412,382794736989888512,yes
270.3129486980054,21.813099793054192,-0.22844696,13.810595,1.336479577909246,4.440406634508474,4576573634299171712,yes
6.605790488975517,46.76405396881987,0.13399887,14.763214,0.7648243912104885,4.181022648427094,389379540330182656,yes
9.659252314360169,45.313603724620165,-0.12207031,18.891546,2.924058988593192,11.22147664813587,388269888281914752,yes
4.176645524266002,40.219909532909455,-0.15412712,18.896303,3.9693487876451607,11.889899310729207,382993538138799872,yes
3.8122174955413306,40.33678975923144,1.9272232,17.795166,5.64097605932198,11.551937282773022,383009691512498560,yes
3.468799345804955,40.882892341422576,0.3558941,19.600014,5.653638092196125,13.361654022188889,383086348088701824,yes
11.964191641287613,45.80483504569257,-0.10977936,19.310207,3.206372512006228,11.84027688346352,389610742713434368,yes
4.115382297113792,40.423075508524654,1.0830021,18.29291,4.256331436998934,11.438087193774358,383374591933756032,yes
4.277432968355965,40.74537435377068,-0.070568085,19.027369,3.5967779712389456,11.806937148444977,383396302991862656,yes
11.331308837916396,45.57901393371992,-0.014116287,16.483654,10.756677076785904,11.6420446549343,389634764466374784,yes
11.334120114931286,45.75890881130741,1.2916393,17.15525,2.126422861989735,8.793498164453528,389643869796999296,yes
10.186110413934,45.80888609918061,0.79951096,19.668224,6.8909447068327365,13.85961782567722,388351389581706752,yes
4.154114189767316,40.98868601701675,-0.31929398,16.865898,7.191114680326772,11.149879073606636,383450904912784256,yes
9.853634201307502,45.57794628916375,1.6490221,16.798538,7.385958422389711,11.140572292788216,388367989631694976,yes
10.06429163086709,42.796702212411134,0.82017994,16.017355,5.224840073930562,9.60772000877438,387412101709631104,yes
9.800762327789275,45.71830074893028,0.108242035,16.56111,13.079262594541548,12.144026296336808,388375681916533248,yes
105.69096766002586,0.0551990794870516,-0.01914215,15.115413,21.70472707291466,11.798184645765932,3112786176370258688,yes
11.785646465229451,46.22294769395754,1.0111504,17.884409,4.616034209007345,11.205754093381431,389723859268963968,yes
331.54047744360287,45.25381077265133,-0.13443756,17.066734,1.748484888197092,8.280043415708516,1962873450975432448,yes
8.63586632885192,43.46364433483043,0.89774513,19.447363,9.56681563005684,14.351200021992216,388435811459584896,yes
8.577162445047371,43.82146803136966,-0.28679466,16.365414,6.565390298310553,10.451716745321804,388450929744571264,yes
11.374625669558334,46.35130665047086,1.2660522,17.302313,3.378229891311303,9.94575900167931,389777460457416064,yes
33.04426822050463,-27.787428029370624,0.12033653,17.709993,6.845771275607781,11.887104924052514,5117357983046828416,yes
31.467330209123624,-23.085918929988537,2.025404,17.868113,7.862485009143892,12.34591215207439,5122546028663030912,yes
34.890268686273586,-22.39070147789488,-0.25901031,18.027327,3.870578532029555,10.96620641745864,5123535172515636096,yes
4.478445882196827,42.36716286207888,0.1288662,18.907434,4.679683852114627,12.258516571011809,383643658749169152,yes
8.494702347416712,44.33498234093115,-0.22698975,18.649124,2.5201801042908225,10.656281893401124,388499376974741120,yes
297.1241375987422,-23.289931698345008,0.08210182,17.883718,6.539395688024602,11.961406082995577,6863852416161801984,yes
9.79422427525504,43.11902308865161,0.116838455,19.287863,4.017618929087504,12.307706707801632,387607776123294592,yes
9.47996260046341,43.00490947135194,1.4822464,17.497454,3.5844399688490887,10.269560556730797,387613896453926272,yes
7.469890408534957,44.317547961038215,-0.12685585,16.470984,9.556089960514392,11.372385147609322,388531679425970176,yes
278.1810107948632,35.755123150642234,-0.25692177,18.102455,1.9858043867127224,9.59213732866354,2095490942878080256,yes
9.5441638223639,43.74729598334599,-0.44023705,17.11269,1.687180764353985,8.248498076715052,387661171157655680,yes
8.789411910392456,44.67746470650583,1.070281,14.067031,5.624128465260895,7.817307160980536,388589300707181568,yes
3.8269044908094543,42.32738915457429,1.2803106,15.311834,4.981543815348773,8.79865377261843,383818451034198400,yes
8.475486352823564,44.56026127624904,0.19014168,19.36181,5.120745539208893,12.908475976747496,388596374515526144,yes
10.879413289231554,47.02602802142317,-0.28231144,14.950021,18.679743232364142,11.30687551109409,390019142564195840,yes
8.930100181814934,43.66568674643976,0.16440964,17.41251,10.221153634104263,12.460009581072892,387694946780368896,yes
8.867906333771211,43.747417614928814,-0.17489243,17.970911,4.948084779294256,11.443096660590031,387695462176538496,yes
104.29250401169934,-4.365978575708657,0.05624008,17.000666,6.981909554479677,11.22053709273969,3102457123623043072,yes
8.884874925366855,44.972387232440646,1.6451893,17.156752,5.289531081332205,10.773837866965737,388623523004786304,yes
8.421697846744564,49.66966121491947,-0.1792984,16.094654,0.5105798989343688,4.634972565132738,391484413605892096,yes
9.083915737468198,43.94882102436322,-0.020349503,16.665398,10.434686471485715,11.757795022278426,387724053774415104,yes
9.939411374079814,43.7124339388788,-0.1171093,17.488403,5.982313380588711,11.37274879798636,387740026756303232,yes
303.5088158519303,20.947927269023804,1.253252,17.15734,2.1214439901738573,8.790497850606195,1828808589463195904,yes
346.1043557823017,58.05282171889904,-0.16045761,17.843073,4.016678673895591,10.862408452240942,2010233368156914048,yes
81.33924977506567,13.69665516809632,-0.18075466,15.694056,16.553570896960412,11.788514465955554,3389454156961242240,yes
9.185503067636295,44.31888315715483,1.1028576,16.647884,2.6266714882088458,8.744912799827716,387829499515389568,yes
17.987841421568223,31.60889249217097,-0.210186,16.94631,7.982671003214589,11.457051153412266,313206676129937408,yes
6.822037629510123,44.856981815664064,-0.007741928,19.52771,3.623583814717753,12.323401555742771,388751027698430464,yes
299.9705663813056,14.59281778697955,-0.49949265,17.511982,1.5533647370651231,8.46834921005415,1807309147099442432,yes
7.375798315647588,45.03755592687738,1.8774719,18.602388,2.917563496071669,10.927489582701815,388764878971033728,yes
22.50561141845857,26.64932090880197,-0.11049366,15.480052,17.5185012860056,11.697536746871904,295513751628028032,yes
262.5166852816048,-22.06304591513645,-0.11317825,16.71979,8.412367447666613,11.344381170884988,4117752719121772800,yes
6.83512525028357,45.3418310661068,0.8174515,16.651339,1.3996772799633908,7.381478565221514,388787071064449152,yes
133.85528893441375,-23.26018157635062,1.0330582,16.9972,1.678560710258379,8.121885267251098,5654643032975339904,yes
134.3430795479182,-22.758659870683303,0.060700417,15.185518,21.674490445533365,11.865262481307711,5654689998440806912,yes
315.3002946080023,45.33892508881621,0.13834381,16.193878,9.057022733293092,10.978805289156195,2163427876590946560,yes
280.3344078180155,44.74543839297056,-0.11876297,16.387455,9.778064539066747,11.338719497257234,2117573255233733632,yes
1.626749015580346,61.33341052486204,1.416873,17.040121,2.747445944686985,9.234766782720406,429454230902629248,yes
278.2669308187292,46.61809468998439,-0.31288147,15.698741,1.433453792296995,6.480659489642802,2118607522015143936,yes
322.83306654108134,34.87963881280924,-0.36019516,17.490625,1.8253763201363604,8.797387061526075,1950573244454108160,yes
278.3100552687158,48.48679947578084,-0.51159096,17.084867,1.2052471714868107,7.490247604699256,2120335400240968448,yes
274.60150550820737,46.9559301491088,-0.121385574,17.505995,1.5622293980349204,8.474719030503447,2121629147470776704,yes
323.638809646966,-25.001411308659154,-0.02619934,17.5319,1.624079661172881,8.584936637947312,6814484584593326720,yes
285.1023805224125,19.29536100022053,0.037517548,16.71504,10.436847088980556,11.807886603166263,4517992170175866368,yes
308.0422338437355,21.90316945854934,-0.33930588,14.743289,12.183146080855686,10.172086258038233,1818464452778851584,yes
111.22500878901036,-11.451319377953128,1.4473801,18.025938,4.142795974334906,11.112405727796853,3034780190071877632,yes
110.03813862706951,46.81152479217421,0.15669155,15.600567,19.78134423797121,12.081846003367724,974895286283420160,yes
277.8156267440738,13.75533617161831,-0.13656902,15.151283,0.5665757120193374,3.917572766188029,4508520908289527808,yes
335.43958722454306,24.42838275696998,-0.22966766,16.369907,9.00398818815556,11.142081583007236,1878875160654355072,yes
316.8384480038285,42.5188434017437,1.0406075,18.0075,2.7840857338439635,10.230913024595724,1969663691188312448,yes
95.43882653566465,6.877498114890994,-0.48737144,15.750941,2.500995391707472,7.741505457537238,3324207002370180864,yes
112.27268594624482,-18.617643818180674,0.19373226,15.912261,0.5071173439901743,4.437803320836558,3026543267432558336,yes
113.87277939494858,4.81355303163679,-0.32755852,17.57013,1.0550410678600914,7.68647682517277,3138305596433476480,yes
295.6326579982147,33.5514223916855,1.1446133,17.88328,7.233069853964522,12.17989329675949,2046947951220003328,yes
322.84431062654494,70.61707486794013,0.0374403,15.749121,4.543179399213144,9.03592043198203,2272277809733101312,yes
322.979141546658,21.21010925234898,0.7086563,17.554417,1.8212859157800625,8.85630764577437,1787864322614369280,yes
30.8387708895626,67.3532457600671,0.059051514,17.366766,8.222557686105839,11.941800644990284,518966292856747520,yes
83.31144081515697,9.433098487984246,-0.11415291,15.345009,16.231066266815503,11.396744254270878,3337943549028544128,yes
92.0794359562619,37.68034391493526,0.049230576,18.215502,4.733711445986498,11.591510905021488,3454113373478045312,yes
295.17331001660904,13.961908199041794,1.2715359,17.342066,4.492361445032848,10.604439456633925,4317209252322664320,yes
81.5434157691542,59.57925499259757,0.18648148,17.562902,1.1825575651943216,7.927013453762759,282679289838317184,yes
37.53027403590932,29.38230109566584,-0.3997593,17.579899,1.2135142407199244,8.000123385951191,131259668060084352,yes
284.5415722209649,6.147292549140017,0.33767414,17.45955,1.4718761187807825,8.298906294593182,4282601024302054528,yes
336.41289189187154,65.84184975145004,-0.33288193,16.874962,3.842817099367819,9.798210572561686,2206722349507123456,yes
289.7233613748828,24.84395638427912,1.4101458,15.481187,9.129126047994838,10.283333017627452,2023812302390219392,yes
255.15529086139267,-28.839397594716463,1.221098,17.911383,2.3006735355467662,9.720657984326532,6030069422930040320,no
222.0042883346019,-51.377787625516056,1.5197067,17.612955,7.222546032998099,11.906406592535031,5901200475337820288,no
206.3927353845879,-50.40727431641948,-0.28301716,13.586744,1.870010336519184,4.945964035572434,6069691836195326208,no
197.0766875307016,-63.525291067664426,0.68297577,16.431314,1.438862076129843,7.221409830536002,5862324664773029120,no
265.4354586429862,-39.33207540998856,1.4450111,17.263159,3.764610319736717,10.14175914206384,5961175501795365248,no
265.6498469702064,-38.87825613021909,1.737318,19.675184,7.220235806766133,13.96794090745,5961214603159354368,no
226.5138579723468,-73.92514711664973,0.2724409,15.463298,0.8828727773381908,5.192788629548426,5793539629636942464,no
285.8718636486003,64.2577472780431,1.9691277,19.020489,4.684922594114128,12.374001098609046,2252877030140974592,no
264.1115515623423,-58.85186923595684,0.83597565,17.24841,1.3339689038285605,7.874138529262959,5912901443721234304,no
236.4977133362133,-42.28758259327114,1.3739357,18.094122,2.1278676148587974,9.733845024306852,5989762662315048832,no
244.6515619004184,-38.05322093598079,1.8882523,16.690676,7.000896046366687,10.916444145134104,6021346790966290688,no
244.7254259862617,-35.90743853686107,-0.38464165,17.917,6.375949991223822,11.939724510399571,6021870154194477312,no
243.6638227538623,-53.89748546067437,0.07720852,16.016796,0.7568161564994722,5.411747974022534,5932944647464766208,no
118.3914979933066,-20.13843438483433,1.3520842,16.888124,2.414962965745792,8.802676375446831,5712730782030653440,no
270.27069001020106,-38.9217056918844,2.094637,19.256098,4.412086522482384,12.479318102553613,4036144668339494912,no
297.84422639366613,-13.962920798143143,1.1969242,17.614006,1.3711006343513137,8.299352658847365,4188422252742802176,no
293.9836270161592,-8.8616287109842,0.21471691,15.686855,0.604361295188497,4.593338216254347,4194507602931516672,no
303.4167039501872,28.7668522737887,1.7652988,18.116514,2.9273212550443195,10.448865930647042,1837250639724337408,no
265.9627071278704,-41.23735523949031,1.6113129,19.453297,4.710245470874962,12.818514703233175,5957576112976589056,no
265.49369328097043,-40.82316122117522,1.4474792,19.3291,7.403301612951855,13.676227215215995,5957658816904838016,no
155.5218453449858,-35.63222950585242,0.26550198,14.962397,1.0786535087439475,5.126806802622868,5445756851859162752,no
256.7299334076285,-15.147909900004445,0.86973953,18.364096,1.5946813642210045,9.377465595007468,4139463473867514112,no
268.63080142047096,-31.297217184167653,2.4734955,19.40016,9.151337857955776,14.207582946755718,4056055273615583488,no
257.8564254335504,11.990195701606591,1.3408232,17.333311,2.6097603598221144,9.416314151279437,4540976189424874240,no
108.79542302853288,-22.27205774622488,0.7588768,17.186798,0.8344552760687687,6.793813324746512,2928068910104596992,no
269.42791170098087,-32.034005000201354,2.0417652,19.316618,13.237663678090644,14.92567471507803,4043765173094724224,no
273.6867667898013,-27.25734084146875,1.5470467,18.797596,8.09744033914396,13.339334784352094,4052454682316768768,no
273.2124310087883,-27.18267494073353,1.3614521,18.546509,6.5919633500035415,12.64158292052701,4052492959007041792,no
270.60189108046023,-31.700441230795768,1.225029,19.626854,21.22870411180173,16.2614714191882,4043832006981042304,no
254.49957649544865,-57.6348383047743,-0.2586298,14.231408,1.2118338216707885,4.648623346348087,5916958263667362816,no
273.38323662572105,-26.99966002809232,1.3633308,18.662577,3.824359469381679,11.575370534431965,4052519450336704768,no
270.585289935958,-31.55941947769771,1.4572868,18.837584,4.070628458295063,11.885891322415386,4043842349266781952,no
260.70146133770413,-53.61973366865708,1.4908581,17.843855,4.981126638079275,11.330492915969584,5923265199797551360,no
277.1007915293906,-26.143907367093565,1.554348,17.95015,4.581869071449114,11.255363374551068,4052107550050622336,no
269.2126907943758,4.520468679625759,-0.12452316,14.19604,1.1537718102020935,4.50663961875442,4472799768355719936,no
232.93098344835465,-59.68380491122839,1.2050953,16.542757,3.1904092007958624,9.061988945458948,5881794163902413952,no
232.7369499556055,-65.8129870114417,-0.1608324,15.239779,0.7776599838210129,4.693727759833838,5824214148655299712,no
179.1021875796419,-62.29506156813138,-0.061302185,16.04573,0.4957381014379637,4.5219914959616005,5334675872218890880,no
136.75737180977544,-59.275509057249,0.37434578,16.721462,0.5825512741870257,5.548132782537316,5300162339621000192,no
270.2126586424436,-30.019047956819666,1.6732445,18.599695,10.230803999323228,13.649243822885882,4050234768283392512,no
278.8035650467539,-14.578471565947082,1.6541748,17.710075,3.095472658403292,10.1637098617139,4103701102314576384,no
132.44916165316033,-58.64336147935594,-0.36832714,13.727442,1.29667642294022,4.291600071384318,5302635209984826496,no
130.8809194895087,-58.6678786643224,-0.26042938,15.569115,0.4198064081430781,3.684360317967702,5302852088653024768,no
130.5705406437477,-57.98827571349639,-0.17406082,16.213182,0.3895840114610216,4.166187625571702,5302935754617577216,no
297.64813595745017,34.447404464993994,0.474905,15.3529,1.4457911964098735,6.153427879747888,2035413146537277952,no
207.2085157062119,-31.143239390928187,0.87204933,18.114115,2.625201306805684,10.209928058867511,6172026097805085312,no
213.4592456374548,-29.889740884401288,0.16864109,14.514512,1.550014014969156,5.466190125032913,6172949550133714048,no
240.53967362497465,-42.51456882433467,1.1564484,18.826687,2.337295117632724,10.670254759367053,5994940674888088832,no
306.97870070430736,12.596936285382412,1.5270481,17.046934,4.187814962335054,10.156871421132202,1803740377169289088,no
267.88392971713864,-56.85470650726111,0.2856655,16.500196,1.1170001100960807,6.740462079607219,5918752941519223424,no
306.3023950280568,63.51279952157771,1.5683823,19.233994,3.975933252430873,12.2311894244711,2243743146529029248,no
163.999007006686,-62.881850114482575,0.49225426,17.040321,0.8190137814275695,6.606777048164668,5241700550490680960,no
176.3991864598018,-8.431309569271768,1.2924919,18.044355,2.2301062229726574,9.785982747869038,3589168899273567616,no
252.3291027048318,-33.69424659297835,1.9156456,19.08012,3.4141098196882385,11.746507433509164,6026234631239675648,no
265.7682074449912,-32.76890410335449,1.8790302,19.34669,3.888789781435251,12.29576233436643,4054224895775850880,no
255.55014773346545,0.388399960310454,0.6030712,16.512638,3.8443001090969,9.4367244197448,4381511406708983040,no
93.21876683680014,-39.3814902590133,-0.41301727,14.768272,0.7223958568342417,4.062148232490795,5573125962446736384,no
271.3671398330096,-35.09310679991246,1.0323086,18.116417,4.201891477565568,11.233641158361262,4039058511578723840,no
101.54279399246592,-41.07094703991057,0.6776085,17.283365,1.604020577193641,8.30941467667442,5575511490362529920,no
101.97320821185605,-40.6322485944605,-0.5164261,17.711521,1.1591706622556135,8.032257904664917,5575611644702244992,no
100.78333835710768,-40.50265522998259,0.7010803,16.649397,2.034301801643898,8.191473918610866,5575754203257115264,no
100.76880375335983,-38.56846685550019,0.123550415,18.208845,4.410633785029504,11.431349998999208,5576783311782420096,no
100.22324219270884,-38.4156726018806,-0.30659485,15.530023,0.5443088250852375,4.2092498787758,5576826952945841408,no
101.25762903251967,-37.13094181386799,0.43993187,18.983297,2.242103910250631,10.736575680462314,5577567504089935488,no
161.32351246250684,-21.81484376155219,1.2275677,17.006449,4.100579869338338,10.070675376582706,3550313154780859008,no
135.6476809804695,5.359904292715192,1.3347721,17.609365,2.011080061655516,9.126511801623902,583262954003829120,no
164.157419986265,-19.270491758321484,0.7956686,16.794321,1.406162988573001,7.5344993137154574,3552564233038831360,no
288.87820550393093,-47.14859092255321,-0.253623,14.510176,1.0201909536712412,4.553583340986229,6663374720156174336,no
175.3439370872669,-60.19085652458874,1.1455975,16.474636,2.3365518674237324,8.317513130281009,5336206701586783360,no
292.5285882855415,-44.36718463324354,-0.32035065,15.559939,0.6099733323933434,4.4864932418769286,6664135066806709760,no
288.4135803303917,-45.506901048242696,-0.30105305,14.265117,1.1286506082877066,4.527914599895698,6664490827537278848,no
302.4175360834405,-52.421414606462136,-0.29094028,15.756301,8.439912100904104,10.387990618026915,6665910709364014336,no
263.96472512144845,-47.19948535373125,1.3762817,18.521978,6.206586389399198,12.48624202353828,5948650071435631744,no
47.47161963254744,50.37815961608688,1.6855326,17.441557,4.240069519840816,10.578421886543538,436707640393408768,no
276.50670749713674,-17.311882103822395,2.6460075,19.807783,15.629113149305004,15.777454676631312,4096878838760035200,no
276.5667198100211,-17.29531172935003,2.2610512,19.65513,10.099502578311467,14.676629921975428,4096879663447736832,no
185.35009823497472,-68.23062410712333,0.106760025,16.758976,0.7576621473746288,6.156353952698467,5856360741911875840,no
278.382736771822,-21.236187369790823,0.86876106,18.809446,7.021497135135562,13.041594614926106,4091630835455225088,no
358.19046427468487,51.93658583556622,1.6262064,17.501732,3.75269741090361,10.37344973803561,1944287168982149120,no
193.7980618206577,-61.05420289288486,1.0167122,17.708641,1.8148255132969329,9.002815380317779,6055938869868731776,no
222.7379500830168,-78.47783699063058,-0.34447765,15.232271,0.7793176357118565,4.690843521486443,5785606687597658496,no
218.77484317873007,-77.7238346073062,-0.29188251,14.409126,0.8067904461239139,3.9429297336466735,5785932417918049536,no
270.30508690598464,-37.9123507361167,1.2674675,17.49724,8.56646657297438,12.161248622862846,4036970057972478080,no
263.464315010118,34.17027136590763,0.21964645,16.330885,13.018495512035708,11.903688988528677,4602478059518965632,no
271.6875230939234,36.20151159644378,-0.3506708,15.223502,0.6235093046725744,4.197716694347891,4606518558593608448,no
196.79499610154585,-55.80925288187496,1.5340099,17.913555,2.321842108300476,9.74271841589022,6066689413561251968,no
200.50486510078,-54.65450051411968,-0.0034713745,16.254705,1.2631613944868154,6.761999220143871,6067032426817105536,no
75.4883021370918,-48.65033937463137,0.93883705,18.02317,0.836655945868158,7.635904509025218,4785741423524444160,no
197.245681245744,-45.14163747829896,1.2907953,16.545614,3.037366883972901,8.95810026789138,6134636930031090560,no
196.50676637552897,-43.80398413829528,0.8103571,16.46649,1.4973893825568056,7.343163746894056,6135746887012824192,no
87.65877345119446,-49.899022871822766,-0.41009235,15.182042,0.5151902457129408,3.741880158859441,4794394824848838144,no
86.59705568744305,-47.71126218405829,2.399166,19.34041,4.368353145061414,12.54199870108415,4795786188094812288,no
83.26045993062435,-48.4226487023741,0.5751438,18.498985,2.470620509369492,10.46301521154361,4797053645827235456,no
169.4052384625879,-56.37371902761145,0.11471176,18.643175,4.704522222911117,12.005752621824607,5346072997378242176,no
29.920033408367484,-28.17788929005742,0.69778824,19.151104,2.5978483847099114,11.224173006192244,5024364583809693440,no
26.65411079789747,57.18756260410708,1.2476225,16.891335,2.081134411647923,8.48283565178347,505665986034812800,no
279.72338332578187,-32.20003332867123,0.23768711,15.897167,0.6921998707349177,5.098324569278283,6736761104060031872,no
196.90032167551377,-54.22981916317024,1.6499834,16.46997,5.330446876165208,10.103788097400477,6067898326563495296,no
198.8905325517919,-53.25902719149568,0.18455696,14.658359,0.8835175819529123,4.3894349818293925,6068328819733655936,no
268.3621640325057,-37.299341244924776,1.4809532,19.222166,7.7742933872303315,13.675470630312704,4039908807827955328,no
267.0441059805292,-40.11008291858428,0.3838911,15.773284,2.478773328603438,7.744468072649887,5958032444686379008,no
288.6593690747128,-34.339596746281096,-0.2905054,14.99728,0.8242532184269323,4.577583257949648,6743936555601539328,no
46.39245017128531,-38.01013030684601,0.5459404,18.845222,1.857493887045046,10.18985896592626,5045051006028009600,no
46.4452003273305,-36.522570712942674,-0.35079002,18.497562,2.625298806422316,10.593455705557506,5047442920559581440,no
311.558685509235,24.12404730867596,1.2936077,17.238253,5.18930642115622,10.813799579614743,1843242325264009344,no
0.1414677951355501,-40.94866253772976,0.029375076,18.264387,5.278742576825905,11.877039418557608,2305903516713297536,no
0.5304116522604034,-37.8214422521837,0.5219917,17.040752,2.3576184658647423,8.90311962216607,2307584090171983616,no
173.2938655398423,-53.27717073444288,0.9856024,17.058237,1.239002936368169,7.523598678155462,5345182152459460992,no
173.08316598874643,-52.8987497335657,0.0141944885,19.609562,1.802793029733672,10.889291351293414,5345580553622419968,no
160.6722631504316,-59.22441537550627,1.7582474,18.803938,2.32114210583534,10.632446649050166,5350406580732316544,no
107.652340101357,-43.27033764794695,2.3929005,19.552217,4.058703442015264,12.594153599033444,5560071701406244992,no
345.638859643768,24.24946123735585,1.635025,17.079939,9.0535757934217,11.864039708531893,2842321468577206016,no
349.6437658432987,-29.96951684076387,-0.10085487,15.342899,11.11309658483046,10.572074444264924,2329827897596559360,no
108.1278320662052,-42.37193556333354,0.6960373,18.79546,2.2009412440491487,10.508502244284609,5560928461485813504,no
102.72592686383054,-44.2654631125755,-0.2607994,15.300258,1.0349601642722743,5.374876170367207,5561999385810491264,no
255.71637671943373,-30.137851161426823,1.3096771,17.972927,7.58076448302871,12.371492021576811,6029373191507115520,no
229.33404722632943,-41.39568184785236,1.2998419,16.071136,5.293149216750423,9.689706685805458,6004297591859744000,no
210.92861406643016,-54.50873365745733,-0.31072426,13.637439,1.2879093407131472,4.186865464910277,5896649459277433728,no
197.3460226986225,-49.4725448186374,1.6611214,17.995602,4.096164862305305,11.057489138946046,6081930534477036288,no
225.8503711182613,-46.96965400182528,-0.23238564,15.570028,0.5313083662804315,4.196761273044059,5906626148595151360,no
178.3127154549894,27.308970600045207,1.6713562,17.493816,4.96695192262392,10.974265781413417,4007409550382422784,no
118.32932934863106,-32.993221821074464,0.36573792,16.871668,0.5846787004575428,5.706254365011239,5594391097148387712,no
119.54768177373832,-32.29418923062554,0.12217331,15.998375,0.6000919412029996,4.889463972735927,5594484181985353600,no
119.42476225294084,-32.31576347236179,0.6940155,17.363932,1.1472997780698542,7.662316547880863,5594486965128097664,no
116.00828461229032,-32.457204271633984,-0.005569458,15.641109,0.6180289121210457,4.596152961859328,5594992431232674816,no
141.87586642750244,-48.39429351305555,0.48185158,16.45771,1.4236108997197787,7.2246665223615985,5410302652751475328,no
242.8817767774774,-68.7708233808663,0.36079216,16.827103,0.5142403813968157,5.382933885933435,5820980755505311616,no
144.23653766178705,-45.43788477297576,1.5139151,16.812346,5.723293725862149,10.600576174804672,5411050561176475904,no
102.09361936016792,-30.368825779966222,-0.26166248,15.478343,0.5808211772722883,4.298555213777215,5608402693515282176,no
131.45213045831412,-6.135901153397714,1.1755161,18.698612,2.3724665300827694,10.574612471349347,5760416944918677504,no
201.3185375732898,-87.74089086095435,1.464386,18.544714,2.150991653466389,10.207907625948184,5765790464402565248,no
260.7231570562204,-57.730428496275685,0.27913952,15.966308,0.6925255853301991,5.168487115126203,5916205785406012800,no
325.35681236477694,-48.83209016538128,-0.14719391,14.461368,23.58147974600935,11.3242232687154,6562218653966521728,no
154.57483281290612,-42.595108375521775,-0.21985817,15.532931,0.6592482100097077,4.628175796354951,5416091856344970880,no
167.16147087381404,-61.01806558555025,0.33625793,16.833805,0.6398019042681677,5.864032641790821,5337296901767926528,no
327.177507998724,-45.87187197844919,0.09597969,16.920528,1.528257685328401,7.84151094227416,6564453170832379392,no
301.56012669497943,62.376727056946514,1.1924477,17.95829,2.411235192255546,9.869487867974165,2237997094469611776,no
308.29403228146697,-45.43350412757035,0.6973629,16.60099,1.2880712745811849,7.150689475448464,6675614689752993152,no
330.5787235358562,-43.0886271577143,0.45535088,15.052127,1.532522847617807,5.979161789591325,6571336869535840640,no
273.8641052776606,-48.70567964172823,1.0728912,18.828482,15.291370151431662,14.750714006049918,6706524744748910336,no
109.68488623090578,-20.108305572963967,1.3828335,17.464645,2.0374083559187746,9.010035414878748,2930048920087472640,no
135.7403792562439,-7.988841284445081,0.4390869,15.855863,1.2540716821209916,6.3474748063166295,5755874037751559424,no
290.6632911390995,4.21584669304073,2.1618938,19.569883,5.568914468368482,13.298735738577138,4292585414548152448,no
150.6077700476301,-58.86958838804919,0.3283558,16.583591,0.6352674093386527,5.598373878065862,5258319630042489088,no
151.3696682825248,-57.63042008716871,0.27186966,15.718095,0.9780294035688756,5.669854558272123,5258511327335716096,no
120.7951085854462,-31.17914729756028,0.9371033,17.957752,1.1934621583057377,8.341795265856938,5596162513461570816,no
94.23696592950964,-66.0649886613322,1.5660906,17.24751,3.2696526934221146,9.82001811904933,5284117956703924352,no
122.66980390793913,-29.363952080606257,-0.20645428,15.046183,0.7637361184542888,4.460899648276028,5596751409325049856,no
269.8022115668254,-30.143522194057933,2.0294514,18.265388,4.398921561372059,11.482119089985478,4056239411590925440,no
269.6817483341113,-30.015316940683032,0.98493767,16.423504,2.1522296829839744,8.087947083879158,4056244698844948096,no
338.99348126130747,39.794679295509376,1.5564289,17.949772,2.3205482704886724,9.777725033757644,1908378768478977408,no
69.6511628245189,-8.104708877231175,1.0553732,18.129269,5.584258582508021,11.864096601761258,3186135112452426752,no
19.318733157244075,49.53364995778231,-0.33145523,13.227105,0.7997178049588743,2.7417888263993664,403243076286683264,no
59.72455882913289,-11.507076249238642,-0.17280197,16.819479,7.935723199402014,11.317411555389883,3190095656414603392,no
17.673462702044098,50.58407160594824,1.022625,17.960691,2.286998472604451,9.757020372793953,403601379639807872,no
120.35130859545652,-7.931138806830751,-0.14958954,16.62882,8.441149119736522,11.26082786250626,3039783277211029248,no
255.71848606051887,-36.94085405803531,1.9126854,19.505169,7.322520311038973,13.828471924956922,5976623017330875648,no
255.63381252082908,-37.00496729493658,1.9886398,19.019865,5.139712300401885,12.574559048434717,5976623090355328512,no
178.39307179881172,-51.61176598630772,1.0700798,17.582632,4.144729327982164,10.670112870810208,5368982249869369600,no
178.65717926562917,-51.20746943948974,-0.2801876,13.968749,1.2943779635079955,4.52905455282915,5369091410756158080,no
178.13556060223522,-50.720924035474994,0.9585285,16.74673,1.3677094522430835,7.42669924171066,5369312962347874176,no
176.2907984732094,-52.314047396994255,-0.3569212,14.991494,0.6314747749340675,3.9932740339520354,5369453150082597248,no
175.9198866462027,-51.17820262627617,-0.27246094,14.379266,0.9141524401062948,4.184359114209311,5369614537772816128,no
174.54545932367716,-51.663652954224176,0.094429016,16.89448,1.7933238715436746,8.162773647817618,5369709061413007360,no
175.61092428609268,-50.5253613807048,0.6837349,18.463127,1.5314258109903105,9.388606812575675,5370060664615498624,no
124.618040488267,-33.98988236375246,1.1937447,16.989859,1.728447462106329,8.178139916314082,5546438513151872768,no
123.41726032736932,-33.94733938240223,-0.20464897,13.890878,1.3979123312315915,4.618277679450962,5546533513520296192,no
141.15074594526988,-20.23411407135986,0.9320698,16.686346,2.3698220555335427,8.55992468532226,5676690680652609024,no
122.54544228425804,-16.99782991271399,-0.20776749,17.484442,4.668621612884006,10.830385381117118,5720927946153150592,no
256.27709221848687,19.28541405893868,1.6370335,19.069546,3.067201836986325,11.503257778192864,4560811550990201600,no
121.31579814968494,-16.96832937427922,-0.23152542,15.625907,0.4639970614444635,3.9584831505923415,5721063843218822528,no
129.66250816443352,-43.44900735890215,0.7346897,17.07709,0.9647788326817276,6.999228832239254,5523326533908997760,no
163.387610395132,-43.137861391780376,2.3828888,19.349594,4.432176645263017,12.58267930478214,5388390412499804032,no
300.186274838453,11.030622869461965,1.2664652,15.803805,3.410317094312384,8.467778809783027,4300769526248600064,no
132.8172288459804,-42.89042393978696,1.2420254,17.909542,1.3351825002550828,8.537245157853937,5523938966183587072,no
175.4352202225623,-26.01770585174382,1.1092176,16.755354,1.7141996086607425,7.925660958100691,3485407334126476416,no
167.7453324717866,-42.39133393154433,0.9630718,19.93188,2.477826176851082,11.902234183561356,5389229241085312000,no
178.40582328775787,-28.27724458974471,1.8003416,16.587969,7.727821950172582,11.028254536661704,3486936273763756288,no
165.06847253581697,-42.67705687046898,0.3236618,13.988559,2.676712328727051,6.126567496278984,5389717630410364160,no
166.37285786385598,-40.11906093158654,0.348876,15.325538,1.761636582975795,6.555119602426393,5390485501841902592,no
165.82507135136171,-40.262433480961214,-0.5537138,15.071561,3.2229553784946297,7.612832463944383,5390573840730111872,no
233.29227591234667,-52.38903727860419,0.16077805,13.899132,1.1750195537527257,4.249357469278134,5888715417783989760,no
284.90795538131266,-65.6212996957293,0.37848282,15.357259,1.0492085771442303,5.461568161169849,6435023678530441088,no
123.67001217730656,-27.34430868982398,-0.26418686,16.010632,0.5229233739775443,4.60282227323885,5693862784549396480,no
177.33202192110966,-33.21765692584595,-0.38034725,15.258712,0.5442332330547993,3.9376372900452346,3465495071171961472,no
179.37322890945137,-34.630520178363874,0.3546734,17.52877,0.9461065573153894,7.408470262600634,3465814891615579136,no
181.5033249337798,-32.070529790111266,1.1313152,17.388693,5.454857573527368,11.072610078161077,3466563938207357824,no
178.7041981725256,-31.44316770851953,0.7152443,17.869757,16.033511254622237,13.894900204883712,3467582738811167744,no
184.5840868195402,-34.5003319792182,-0.337842,14.508912,1.0147164132598356,4.5406354261978095,3468124450149369856,no
243.3054412538864,-71.02157767772256,1.3022861,19.460606,1.8180438113981303,10.75862772341542,5807187661316522240,no
245.66020872735885,-70.0372388239977,0.100473404,14.650312,0.7495571392737117,4.024335725116995,5807314483109109632,no
254.6059601518517,-72.25228897370208,-0.25337696,15.707806,0.6668750953980145,4.828028494476863,5807396259281729536,no
278.9867036807448,-13.706630175248195,2.059637,19.911291,12.08856163223435,15.323164145186468,4104614727696751744,no
251.6869952483692,-71.38200607087902,-0.29994583,14.963557,0.9246210234371504,4.793375819612326,5807680620478022400,no
186.9106108603975,-30.720377821493383,-0.19680977,16.728527,2.0354771701819554,8.271858178579297,3471231910527986432,no
252.30561191104184,-69.81479419776907,0.2169323,16.139936,0.5310053601945967,4.765430525286682,5808258757437435264,no
252.70589496688552,-69.67148254320486,1.2688808,17.509012,2.8275455108093195,9.766060019241731,5808264323715058304,no
176.7670638601971,-61.60084627064161,-0.11935806,16.48905,0.4114969409047491,4.5608830549331145,5334958511082143744,no
252.8756885063853,-29.599705039705817,1.1710777,17.03087,4.01865498199307,10.051273609153077,6032595580882065792,no
253.5551471726012,-29.270516661861045,1.2949505,17.181469,2.056495502588754,8.747107820373495,6032622042187128960,no
252.86277525978485,-29.291383596651528,1.1686344,17.85678,3.4411084853567546,10.540271822635493,6032656947376781952,no
314.85176432185824,40.16818497782234,0.76919556,15.728682,1.9816909892573824,7.213861673241116,1873261741489876096,no
276.81428981934505,-21.47811232009876,1.9546757,19.68305,8.22156727989255,14.25782307561236,4090333995818083200,no
282.3138862344686,-22.296765998687032,0.13556767,15.526948,0.8443207958734188,5.159485431038888,4078889488532880896,no
259.4038529614973,-40.10976388969368,2.675459,20.245794,8.967888634104094,15.009245032114796,5972020981373068416,no
189.6633504564737,-65.078525858414,2.1753807,18.287838,5.692154712160431,12.06422147825276,5861055587821234816,no
105.07330576362268,-34.34172296682245,0.85635185,18.025492,3.5039895858503307,10.748306033692463,5579580606800791808,no
219.6860257892086,-30.863470766084053,0.27747154,18.286884,4.327809888134475,11.46822487423152,6217118886429978112,no
96.3213899807838,-35.53742601697691,0.056589127,17.821802,5.958442505229848,11.697465765327738,5581474927897513600,no
221.2332324344553,-30.350851467658213,-0.35368824,15.592088,0.5932307693421619,4.458206343347431,6218508810863136640,no
269.91645705474986,-62.04726184829717,-0.26951313,13.41795,1.5797978596836968,4.4109576055312605,5911160057815053568,no
268.53933819393615,-60.83273569433237,-0.30666733,14.829035,0.5868976750468908,3.671846945452464,5911656865276078080,no
262.2574715231277,-66.42122167371433,1.152008,18.068884,1.5128789331028043,8.967904876767884,5813258752207228672,no
260.89843435959915,-65.43205223832364,0.02166748,17.71943,6.50824728785554,11.786750230321315,5813509333475561344,no
122.15613781634268,-37.78870924443171,0.19000435,15.64536,0.7759338715641657,5.094483551918952,5541063378756070144,no
128.24276951577585,-76.0179769892095,0.018587112,17.40234,7.474137280115913,11.77014535213411,5216388693260726016,no
135.6691753592037,-74.39184461086089,0.14224434,17.221565,3.586823434855686,9.995114993004588,5216924803961432192,no
130.9337393462803,-73.86597179666516,0.054534912,17.8052,6.224449281224006,11.775704662609268,5217232495418367360,no
265.67726860697474,-25.91595137889289,2.9974384,19.827488,8.910687542400956,14.57704407593678,4061872759384095872,no
235.8898718571867,-41.62421449267672,1.2715416,17.134977,2.953321260330777,9.486530459004369,6001813932529586048,no
218.9383565014164,-61.99224979832204,0.024463654,17.940256,1.7687776487938625,9.178622208157392,5877560558721805952,no
297.33452609219285,-57.88005141172808,-0.38610268,14.92338,0.8028618152054908,4.446584014948758,6448177342293519488,no
298.2545295371596,-56.56122130319977,-0.30439758,13.702449,0.963866359744016,3.6225331153174576,6448687515688976768,no
297.120984470928,-56.49425173811598,0.5822582,18.254242,1.2046849165906983,8.65860936368536,6448558353136107776,no
5.52421596219495,42.77662062868799,2.3893032,20.259851,6.355663113291955,14.275655345197286,385203522150948864,no
5.553871280320214,43.07189099898471,1.2920017,18.768038,3.066351718534323,11.201147840422712,385214143608894208,no
269.2136826477984,-38.15736521807109,1.1495037,18.500029,10.955317128923468,13.698153769067403,4036628453499877376,no
311.765969219028,47.60897593065123,1.2249289,17.571249,1.6480310624925378,8.656075965634276,2166765409768940928,no
202.56772961418028,-38.3423801460532,-0.41720486,14.81906,0.8663213395807733,4.507455061248358,6162626716496527616,no
275.74977279578576,-40.10918487157981,-0.36832237,12.528237,1.8296094515161123,3.8400289755565655,6726362919519960960,no
231.9098919773506,-45.03559024137604,-0.2583046,15.481651,10.536294428873532,10.59509049079012,5999693898016318720,no
80.34045556360472,-28.092930146064475,0.62502575,16.247158,1.41168408363508,6.995845590927564,2954977189443579008,no
4.73639986978919,43.537327147856665,0.1054306,17.35635,5.685446620303026,11.130172931850922,385285852381485440,no
276.50433463868325,-28.328454791813485,1.2471638,17.915253,4.34696343961928,11.106182937740044,4051245017535728384,no
80.62094205147987,-25.780091604468154,1.0639391,17.315472,2.599502979367232,9.389923597638155,2956994449683312384,no
127.83408636983526,-28.919537223515093,0.7854948,14.741645,3.225238983671121,7.284454502521937,5644125791948677120,no
5.092753128555,43.71965170164136,1.1236782,17.373371,3.098552402091874,9.829165226241464,385315058158602880,no
274.2907935354295,-22.69114163464252,2.064333,19.446463,8.437204264801206,14.077455817541576,4090452021563497088,no
249.31312902700708,-54.44467777399732,1.3016167,17.33913,1.862894530180797,8.690071337666637,5930440990649058176,no
239.17284114369065,-41.748772989148605,0.10663891,15.184446,0.747860812513013,4.553549885162232,5995229782037131008,no
240.5756203079586,-41.447118379036965,0.8696804,16.7344,1.4969990691300823,7.610507651442068,5995289705424137472,no
276.8529329729243,-29.56127356996233,1.0105629,17.021893,1.3420335845099427,7.660709921135213,4048058220388446592,no
6.3221533566924775,45.6766292872493,1.3547153,17.973259,2.0811952797367548,9.56482316110893,388947054302319360,no
8.98886784962188,45.304127399415314,3.3327484,20.402378,8.144057851390878,14.956582250092708,389008180276039936,no
113.10608596032417,-32.89973177953608,0.44770622,17.742985,0.9688446776596936,7.674255789061014,5592096278942516096,no
218.9993751041341,-53.04339062389902,1.2972546,15.178632,8.608294344905781,9.853217542414797,5897644139345661952,no
111.2486512717166,-33.76024105836606,0.73151875,16.903812,2.794925995727914,9.135663565454788,5592361574782321536,no
147.77164412135133,-28.01132243514617,-0.4025669,15.500273,0.6010836806047639,4.394947685263897,5657138443334472192,no
147.0376909890338,-28.01067601525769,-0.45435715,17.171139,1.7277265517605636,8.358514037766309,5657176543986789248,no
6.794223736350851,43.594936977559634,2.3617058,20.658295,11.2521588879227,15.914474280308363,382589471911551616,no
8.809232328043565,45.86466679776823,0.7946987,17.17458,2.139555036741944,8.826197312585156,389048965287350528,no
270.9212628507389,-38.96997406304413,-0.3009882,14.960661,0.5352927046965354,3.603617622935948,4036085947593131392,no
6.211969541513647,43.42261914612584,2.558569,20.564096,7.85028305156384,15.038522580233325,382609602423476096,no
6.338108375418552,43.477048199756446,2.84169,19.872408,5.287400159446444,13.488618898973789,382610805013062528,no
266.6696566657762,-47.2627320747521,0.8514252,16.853573,1.1924740126320912,7.235817616575602,5948834342725964416,no
6.012350102266507,43.34957915326533,2.9856224,19.512373,9.474372878076682,14.395125365177131,382614378425658880,no
268.8071092033954,-34.98486806102315,1.7558384,19.171839,13.883376677879555,14.884314534563927,4040770103441333248,no
200.1719389265692,-65.56738919842053,1.413187,17.464903,4.166356794954819,10.56368529474724,5858003859008771072,no
148.0107087464437,-60.10778480622001,-0.14612389,15.550062,0.5299970524858358,4.171429271657754,5257408826422360704,no
8.081924205965985,46.13137111826671,2.7837276,20.043877,6.629650505827082,14.151330171894562,389112560866481920,no
147.61072652190998,-59.20121548215384,-0.110159874,13.491957,0.7103309335729497,2.7492606389488614,5257520770455228288,no
10.846867609962498,45.5993074878453,2.4631824,19.490555,4.327111031124203,12.671545195413431,388148877577972992,no
8.904436410491913,46.13769130936249,3.211563,19.65831,7.758785792118229,14.107278809227516,389147642159825664,no
5.898095463025673,44.49489020476398,1.0950146,19.448654,12.887963058047584,14.999575412773888,385770908806100864,no
282.3111218371402,-60.72914091023557,-0.32717228,15.2622175,0.5873408818212352,4.1066686546613145,6632833723110193664,no
10.09733158557917,44.80864988074714,2.9005585,19.983063,5.8930589901178445,13.834766942243473,388195052773239040,no
284.17037914599234,-59.44780958188258,0.656559,17.306667,3.0494738796648244,9.727791588753869,6633362790065265664,no
9.121578083793622,46.39980223340836,1.8372307,18.339043,4.301745544105852,11.507266587603748,389178089183331072,no
273.5890212408756,-61.80174993516704,-0.3626814,13.38636,1.8600079334873936,4.733933983085413,6634053253308425856,no
274.2085792737194,-61.66498889875868,-0.3517723,15.954352,0.5774764620405686,4.762023435338431,6634058579067913472,no
205.78908950858724,78.38690061056991,0.13019753,14.523044,1.0218349953927863,4.569947860715974,1715087751051729280,no
277.51639039763575,-60.755747609553765,1.3634205,19.956135,22.99802985102345,16.764588166723406,6634532571652409856,no
331.62843276344506,-52.738814728943446,0.99365807,17.956333,1.1334638844679292,8.228371433842597,6509768960023763584,no
335.0210454703072,-50.968923698363554,2.6289635,19.683584,4.69038972636314,13.039628649585003,6511335111258865792,no
333.3981833713355,-50.58730354312805,0.59340096,17.592876,3.213798865208133,10.127969465335738,6511576110463507840,no
344.82944300540373,-52.38093303115167,0.76056576,16.675104,1.449686708846721,7.48147478593336,6512838487249913856,no
343.18385654235203,-50.02940696116178,0.28141212,18.09084,8.351753021491549,12.6997282143366,6514070382654266112,no
99.43139458161214,-45.45124726215312,-0.00029468536,14.823829,0.7904821516467659,4.3132893420632765,5556042953365726592,no
9.404738941760986,45.29142133890223,2.8128338,20.09651,13.296521040333335,15.715200125652318,388277898396063360,no
11.208245163240312,41.8783695421897,2.9714966,19.910156,6.000438632961097,13.801070992678032,387309984566258688,no
9.237180355529484,45.51087544165345,1.13027,16.977875,3.57861538959202,9.74645012627034,388284735985338880,no
99.9876616923395,-42.68676371285574,-0.34465408,14.585531,0.9326254543301072,4.434067322825081,5557300038753212544,no
3.889404621361785,40.52308037407724,2.873928,19.99968,9.556178197132915,14.9011011979122,383015803250222464,no
104.71917128369356,-46.43352489911943,0.90789795,17.647346,1.8702497486706644,9.006844025268503,5557692908000138496,no
9.18474586938297,45.72006059525837,2.859663,20.325075,9.201927942501758,15.144469140570644,388294455496356864,no
104.1399613715155,-45.84619054662554,0.05420494,17.424473,6.023693755352334,11.323787421091534,5557947990403323264,no
106.9761641714856,-44.27114127182745,0.35883522,16.61148,0.6683599345286937,5.736532039031447,5558461157392946560,no
108.50673464738718,-44.55579595491324,0.2920704,17.29087,15.338201732614667,13.21974222721019,5559706663549662080,no
108.2347439160248,-44.34245482605496,-0.34937477,14.806263,0.9092640541907812,4.599713112616879,5559726523478632576,no
12.116421866867356,45.81520576814706,1.1980991,17.240519,1.6242243730845232,8.293749116094894,389608582346189440,no
235.1740502136572,-30.18196668463344,-0.2709074,15.656335,0.6772434899413624,4.810059195169576,6208991232058405760,no
4.224751924156854,40.58489201223609,2.3688622,20.002716,6.453069029671897,14.051547554301504,383377581229597568,no
321.86371531322146,-18.93479134324485,0.016431808,18.531933,4.992650872277505,12.023588988151923,6831336558793975168,no
262.49585926592295,52.49661749527324,0.7227459,18.346916,1.807288338062088,9.632053231093408,1415247906500831744,no
141.03676646083824,-36.26009585156215,0.49645805,18.167574,1.1588188576267022,8.487651769630407,5431265322966878592,no
4.284366862193565,40.794398997148726,2.7000465,20.055601,5.610973928356289,13.800792253696128,383398746828332672,no
4.190589861751205,40.75989843119682,2.9526272,20.062944,6.491472944940152,14.124660256944574,383397235002518528,no
147.39620625615697,-39.18305468104267,-0.32824898,14.90957,1.014818355080747,4.941511568655995,5432005156853305472,no
145.2121628353731,-39.54090703470276,0.44361305,18.356113,1.939648578419576,9.794728262336449,5432509763967948544,no
258.27646410357266,-30.989010304266166,1.8813419,18.875856,4.624918273023406,12.20137631360384,5980617375653978112,no
349.5114037005163,-74.16131103205983,1.6227016,18.641523,2.3030411177372305,10.45303145892011,6378997681285902848,no
258.0016435687444,-31.02996222062081,1.5821228,19.067146,7.410946931940037,13.416514516982788,5980625140964166528,no
11.162699528786916,46.1242630285994,2.962946,19.569672,6.341770644676242,13.580724656799184,389675515113684480,no
126.38987057651596,-44.61160483542576,0.8807068,18.054258,1.4777399660722583,8.902248095749206,5525928395032442368,no
10.970281153383702,46.14000844594418,0.3278389,17.939215,5.073984731911245,11.465960780277328,389686544590461056,no
11.408746520360676,42.75018830703616,2.8636723,20.210987,8.423269803597464,14.838390558448172,387452783639011712,no
4.725392766323737,41.28238575469378,2.6449032,20.06101,6.836959843687711,14.235325145575914,383527625913151872,no
9.896077941390043,45.94249886039647,0.9392214,15.207157,3.309336843597768,7.805861872170425,388402899125810944,no
60.8358543721992,-15.123986713803133,0.4803791,17.465624,2.325557192813822,9.29825912327555,5109940402728152064,no
9.353575074265605,46.39145594668537,2.3834515,20.128492,6.546022942007403,14.20837961528596,388432723376828672,no
222.46131336862177,-44.669316085050994,0.12461758,16.082745,0.7160252730489333,5.357386757852021,5908006108711946880,no
225.8534475406557,-43.70080931964452,-0.2311325,15.17894,0.8021002292300993,4.700083202279828,5908317304863060224,no
4.586255620152304,41.72950935455001,0.47281456,19.289064,3.9128213160493113,12.251514078724398,383588309504631808,no
8.464165496319556,43.66941031010003,3.7710571,19.323843,41.095393271323104,17.39280870439541,388443168737947264,no
8.149953978879985,43.87942274781175,1.4887276,18.237867,6.48145168460528,12.296228439850433,388460795285231616,no
11.16834533605032,46.5157639208209,2.8720264,19.791239,6.50792835831429,13.858452817083148,389792540089359744,no
281.27583024909103,-15.037505018649885,1.9394741,19.57178,7.737441368639962,14.014766855618994,4100492899163672064,no
245.88213531907363,-49.67163350568892,1.0173817,17.384295,1.149830834832111,7.687464754363649,5935380821504133888,no
3.57776180246168,41.58521397252353,2.8845387,19.79992,5.935599325520545,13.667242884039732,383680118725725568,no
10.22104295619493,46.42977877433522,1.0260296,17.771238,3.553173809679083,10.524320261395792,389876072907148672,no
159.31852808434573,-56.65031003370025,1.2366476,16.039425,4.055525220071445,9.079660532449632,5352021389669624064,no
3.6319796320638473,41.93474511569114,2.6486454,20.267754,6.397181288452883,14.297697291386092,383710797677845632,no
9.791379084275508,46.37822302387096,2.8501053,20.081463,9.614679970536464,14.996137165522956,389918472823849088,no
9.8104527407004,46.407543049025904,2.582178,19.932884,5.019199310930693,13.43605620865409,389919877279659904,no
282.8519898923671,37.42832233855618,1.0992622,18.471378,2.2290717905478656,10.211998279002165,2096997823559148288,no
4.119348221069763,41.992022406843255,2.8061275,19.690874,6.23606550166091,13.665427341163632,383794532361010688,no
243.67905618397504,-63.43013706389018,1.0223408,17.589289,2.190758880641088,9.292261904303947,5829006915511920512,no
3.8749856141802974,42.29053207726884,2.597084,19.088375,6.235503840704077,13.062732755309336,383818171861020544,no
234.8669380588028,-34.083213813103974,0.07613182,15.443255,19.178073640902088,11.857279909600267,6015685096345157888,no
3.994958412140542,42.5174141072883,2.4185715,20.308466,8.364223965802346,14.920594266238597,383834183499091072,no
3.81400547920096,42.65736176905813,3.313158,19.507652,35.8880570826142,17.28240173508499,383847961754087040,no
3.629136037451008,42.68854467207115,1.0106602,20.245693,8.404009608062395,14.868125701252923,383851676899966208,no
263.0407286710355,-21.52945448274525,1.8035927,18.868792,6.669532617193595,12.989269004001184,4117868103423688448,no
187.3823262241729,-60.812791828984345,0.22491264,15.849113,0.5371312198223253,4.499514978620368,6058065703360849408,no
262.9391468595024,-68.59256223860217,0.81432915,13.157917,8.683094874235657,7.851289731436049,5811394805116538112,no
269.3821771287561,-68.544262814164,-0.36706734,15.460356,0.4588834902595552,3.768868164501253,5811947687666193280,no
266.2912341035176,-68.04655494380081,1.3073254,17.629608,1.7021112989407916,8.78454777326535,5812218476765937536,no
5.05574457839024,42.49534929041713,0.36343956,19.459827,4.632371643388539,12.78884397229103,385091891656037120,no
301.7414622234388,7.3465157408201724,1.0192833,16.819668,1.5483477768663323,7.769010574403349,4250663063383264256,no
5.463384131615293,42.34737058818356,3.8612957,18.942299,21.99860506859124,15.6542747154246,385097457933797760,no
261.9845039990101,-39.97155710915949,1.685566,18.993277,8.448379378796435,13.627144039217164,5960192877690437120,no
5.245720590442567,42.48536942321376,0.024576187,19.07833,4.586554058377047,12.385762582934962,385111678570325504,no
8.236175431194816,45.291105328445255,1.0638161,16.88748,1.665559513134799,7.995280776742927,388691417849357952,no
9.466029205098344,44.153910018007984,1.8143978,18.727894,3.713363778480305,11.576731484142922,387812766324065664,no
275.2528765037272,-50.32932180921445,-0.28435707,15.284385,0.6407371460924016,4.317784512540207,6703187688308248704,no
7.127684335746201,44.4063723179657,3.2038097,19.616644,13.914211510489451,15.333937003998576,388722994447747200,no
272.64771707952826,-34.81479824525729,1.1167583,18.684443,8.05321703809724,13.214290018483265,4039253537484094976,no
272.59898992930505,-34.81944107856483,1.2018032,19.059958,4.91414152274563,12.517196298024391,4039253670591864960,no
212.6504644163822,-47.392520176923554,-0.31293774,15.904229,0.5801062799745716,4.721766834867207,6095677487847076480,no
214.3967416043054,-60.582592618646224,0.23237324,15.283111,0.7405786261169077,4.630966868479119,5866716526516462592,no
214.16653295679995,-45.69348628388431,-0.35099125,15.311399,0.5399802469313947,3.973288365729635,6096271705160926720,no
213.9613289879313,-45.65459635420031,1.3197079,17.013842,4.365607550275251,10.214065459418835,6096283520614281984,no
214.1722512963043,-44.09789932634644,-0.28750038,15.311862,0.7495814778850606,4.685956233103955,6096702679358674176,no
211.18177768271315,-46.36846145762808,0.6609802,18.114935,1.7944144333249596,9.384548769125605,6096751465886606464,no
109.9615504784056,-1.3188564203864472,1.369235,15.779526,6.765731257753976,9.931099715713504,3109952734902460928,no
194.46387106518665,-28.50426778821063,0.3029499,17.951235,5.503690297267974,11.654504936846012,6185371175372936064,no
195.52700080035927,-26.049836294943304,0.69989586,16.433123,2.0507229193185506,7.992657926073779,6187381327442083328,no
235.75388966533563,-44.16460109989504,1.1469536,16.768705,2.274389669033436,8.553029369949122,5989134123939605248,no
258.660780042274,-31.32769759331689,1.2136593,17.62396,1.7399775836755016,8.826678266272928,5980547075690427648,no
185.8517584811445,-51.00994091034835,-0.2531948,15.444187,0.4821687997342841,3.8601825227245294,6125702848300795392,no
180.6084633330273,-51.91662881994713,-0.33922958,13.436187,1.4619711523147838,4.26088101593373,6126119185259181824,no
180.80141705076,-51.25798179263772,1.2850246,17.708317,1.68483646335307,8.84110576487915,6126385095273406720,no
255.9271059098245,-34.62187068374918,1.5116806,19.186802,3.937900189190408,12.163125521131905,5978079840233470464,no
256.0200322231781,-34.56563717546556,1.328022,16.806068,4.941205857375389,10.275232737833893,5978086020633222912,no
270.54456346808126,-15.453472677066785,1.9873695,19.712023,15.335539598309255,15.640518308649993,4145266180920884352,no
269.3780417584854,-16.07729766188635,1.978445,19.711298,12.525083685728717,15.20020118133066,4145295249279600512,no
186.7763247320831,-53.479315050994266,1.1794949,18.780771,7.790753679221167,13.238668367242107,6076401326724946560,no
296.2970273838711,-44.99849922885331,-0.5692034,14.045699,3.818998057124447,6.955446187152861,6684666865906605568,no
294.862916831832,-45.0611527863344,0.04083538,13.753947,1.2721399022075546,4.276621375019857,6684803617665459200,no
123.009857222841,-40.4333667015872,-0.3016243,13.71582,1.2872007260632483,4.264051380304048,5539740460106187392,no
258.84352372358205,-59.628590521172015,-0.37454605,14.157402,0.9580250794921922,4.064286391647947,5914259512380607872,no
255.00734497005365,-60.93507070232568,-0.2575903,14.832118,0.8723617409404438,4.535601052628229,5914467045201890176,no
110.97436715093292,-11.438710164559076,1.678051,16.878454,4.571974929633551,10.178973201407494,3034804963434343552,no
173.08493903717397,-61.16475203892918,0.5402632,16.328886,0.8816688544468357,6.055413496573454,5335733602373483776,no
173.44349814899934,-60.97580216632522,1.5724602,17.917305,2.2639571533928686,9.69164601668645,5335740199480484992,no
350.4295128386026,-67.11096021303985,-0.41755104,14.684386,1.140031204737712,4.968969694664484,6388277426280202240,no
345.8391478374622,-67.9210644543149,1.2200241,18.308441,1.782791891485308,9.563944250777237,6390833683439696000,no
347.68274345285784,-66.24018483474948,1.2264156,16.677183,4.20472480915649,9.795870886786547,6391378491451669120,no
340.4995623202714,-66.42009008309928,0.40652657,17.830942,2.1476108846031208,9.4907199820229,6391968555534104192,no
192.22002480214937,-86.11388976032997,-0.26274967,15.342191,0.675644747839784,4.490783025515684,5769220734524812800,no
110.1217578290934,49.27375127810617,1.0438576,17.637327,2.0382706215308986,9.18363622424754,976703158276528512,no
323.70368471236924,-68.18467111616152,0.40037918,19.191763,1.461310140565372,10.015474990150464,6396791047893939200,no
105.71402680611617,-68.1309764140135,1.4163437,17.41526,2.9982007990967485,9.79956357788384,5280684697279613568,no
109.44458494830096,-67.21372016772207,-0.010826111,18.517006,8.099960071610642,13.05942039024392,5281089107103001856,no
104.16390408414436,-67.03792782807898,0.6961193,17.716627,1.568401570718051,8.69391334282154,5281660651288601472,no
173.31403186606136,-37.17232339286827,0.01008606,17.442997,4.198074961568462,10.55824794577321,5386114565161537920,no
110.42617510583268,-64.01414375768539,0.42246056,16.020685,1.1140974112355582,6.2553008254297815,5282634371914454912,no
135.47657640152138,-51.87620489297566,0.5705967,17.393139,2.154988353712314,9.060363637142352,5323740434455153536,no
140.19622879462213,-72.23331979723882,-0.013528824,18.717781,1.932970073615204,10.148906651507511,5218797925098224768,no
141.91363890884128,-70.7130128863708,-0.29058743,16.069925,0.3598598275688915,3.850591837613884,5219534911427366784,no
132.9123029014081,-56.91657604859214,-0.29780674,13.38059,1.6066415037938595,4.410184908729592,5304564578017291520,no
141.32734460100045,-49.37199496044467,0.114590645,17.727362,3.53613119317232,10.47000384648721,5314128954782647424,no
318.0541595277133,-66.6344929039242,0.86743736,18.649515,1.07064385595414,8.79774014539952,6400875939749808256,no
269.31377992276464,-42.0065487368416,1.0424767,17.733067,2.868689806789399,10.021484951263377,5956746462731519232,no
316.80946260871383,10.70860944855128,1.6234531,18.221975,3.143710595075129,10.709187793791369,1744940934855178880,no
329.15523769731914,-63.44870580154313,0.54177475,18.628813,1.5943301769796376,9.641704331822508,6402626839000977408,no
328.049700503767,-63.54440797835832,0.016740799,16.097776,13.11191568914506,11.68610674008464,6402648970968695424,no
322.4972502130487,12.16906317860475,0.7167778,15.662052,4.78546093998029,9.061670878849243,1745948328028718080,no
321.0880830365016,-63.17010777131641,0.012845993,17.270517,8.075083836825051,11.806252199710126,6403387804126326144,no
325.4371500401061,-62.5317854645012,0.9217787,15.332671,2.6358906810757614,7.437307973483049,6403619942816262272,no
342.1737491524459,27.87770381042992,1.2601376,17.697582,1.5091365191418575,8.591224642973991,1884098218844892672,no
255.92531055904308,-32.600240387799985,1.3117886,17.047787,2.8199015531808413,9.29895673369498,6028074771430436736,no
329.35069329982696,-61.85050947880748,-0.12482834,17.669601,1.1249967605242823,7.925357359399333,6408858978283161472,no
170.72074943081844,-53.31349544395052,0.4510193,19.165852,1.982923609661763,10.652381918627638,5348310125584486144,no
271.33138519941986,-33.939705211644714,2.6007862,19.72505,6.711516195269387,13.85915321251074,4042563445437572736,no
200.9355555017968,-41.74145976584358,0.23179436,15.731006,3.488491459851618,8.444194320617871,6137049739573759872,no
171.47480362960675,-50.70638437452163,-0.26385307,14.880649,0.6682886250005288,4.005469345110127,5348860018849219712,no
169.6911645822711,-51.29348831622759,-0.17533684,14.911058,0.7261182914964348,4.21609488558952,5348962445227826176,no
197.0208780969103,-41.773489597152896,1.0414448,18.11307,2.724136364783835,10.289214218462991,6137656700054685056,no
271.2729060239529,-33.600179619878574,1.7080669,18.804983,6.924387829193168,13.006889921783358,4042623639422020864,no
271.1796542404762,-33.46365901236737,1.6264801,18.175253,2.809714970955,10.418564327603832,4042628999503360128,no
199.1276996053529,-39.401587817240966,-0.042398453,15.773276,8.922055872239934,10.525600692896916,6138360460511929984,no
292.7521227699908,-51.64247990404979,-0.3904705,15.064526,0.9122080180517448,4.864995426239819,6646351290859632768,no
271.0439867129289,-33.39578859431233,1.548006,19.166723,7.763303311193744,13.61695577160315,4042642090622461952,no
168.08948975410587,-51.50111655237775,0.05716133,16.400845,12.384023308067636,11.865153803643228,5349284155459347968,no
274.55181033857724,-58.29002279841127,-0.28347492,15.659601,0.5388041560556787,4.316755684930746,6647953382383427456,no
277.31490303750417,-57.70398384790111,0.0069732666,17.731773,6.511295164161774,11.8001099141951,6648052407150448000,no
265.0232945109719,-34.21474139130056,2.9367619,19.277964,10.549057657053236,14.394032330101943,4053462801126720512,no
166.4972384223091,-54.59208532433979,-0.3170185,15.426508,0.6654984564578753,4.542243262595132,5347219822388458752,no
166.75090050985563,-54.32516560109861,-0.41407108,13.144312,0.9020348398707234,2.920428559502385,5347227965647133184,no
299.2001899585322,-60.575011581608734,0.8387909,16.693481,6.475946593355684,10.74999729251094,6443663915781143296,no
129.6805479691186,-28.450262188932424,0.15222931,17.73264,6.385482078673928,11.758608451775284,5645504991845223936,no
275.2880472112759,-23.380099385230096,1.8789825,18.792706,11.58263119488875,14.111742140488008,4089593406004886400,no
127.70678462999966,-28.14056983847743,0.980917,17.184492,1.4071388192395498,7.926176721202822,5646461120286515328,no
140.26416507122477,-58.14707695780035,-0.16004276,14.207313,0.8943914199028388,3.964951121390604,5306460101714855552,no
330.9679736934209,45.91125803376661,-0.08131313,15.869487,0.5142257374906293,4.425256048527865,1974973679520560896,no
125.68943872989963,-33.24227173936468,1.2286606,17.610708,1.4154700777602538,8.365211465287802,5546905118397244416,no
300.658700108777,-64.26039375423338,-0.5349617,17.730137,1.1869296591981198,8.102261911001724,6428794017447777280,no
304.13698483591673,-64.22025561668286,0.5250473,17.505926,2.6324995450065893,9.607767523976804,6429395415949102464,no
260.1136592306251,-43.36565310414683,2.1484356,18.383371,6.735023826925015,12.525066682465589,5953428480303827328,no
260.34723860393603,-42.95393161116942,1.8589668,19.225706,5.28682017990563,12.841678695204276,5953457101938572288,no
156.85396671892843,-62.77927452892891,-0.09308243,16.689556,0.4995832646797578,5.1825954085288295,5252216795082309120,no
270.76631171912067,-33.65975835984037,1.3405819,19.000444,9.598622779197171,13.911488622332016,4042257472004969216,no
283.6520260305706,-17.1328128186665,1.488306,19.568266,8.488975673514016,14.212542445225044,4099019553547776256,no
278.52567482847826,-12.771945783538165,1.9267731,19.845152,10.405357931663472,14.9314371200341,4104920563815089536,no
164.85529538341507,-72.73594191205638,-0.25619888,15.231851,13.059642314755632,10.811507411932968,5226415895714840576,no
251.2719906546837,-56.00690652679091,1.0142555,15.436547,6.1391866541936775,9.37710118877314,5929349965905121536,no
176.04459222386933,-62.917476148518205,0.8635168,17.369576,1.1139299700062808,7.603865443435252,5333319521512198272,no
175.797352020146,-62.34286534203158,-0.15616035,13.367871,1.836866897415492,4.688259438545154,5333361406048820864,no
315.38726982465346,46.78117270620551,1.2829895,16.858889,2.227327406978578,8.597809305181201,2163660766892033408,no
238.3171839740655,-70.90550270762122,0.089904785,18.254559,5.311853944634521,11.88078962555797,5818981332273300224,no
243.07655174235583,-55.36860930939147,1.5545158,17.961948,2.725622835237363,10.139276795446662,5931653648966481920,no
244.0065556005344,-55.36853951715552,1.6540413,17.84886,4.2927124807552985,11.012519005403185,5931688661469120768,no
239.9281250878377,-69.10294755564657,0.19943523,16.030535,0.4859215004772781,4.463365578172192,5819564932432895616,no
322.39121987547736,-44.649765847371455,0.054257393,15.30967,0.5271456267082868,3.919323039432373,6576260585683860736,no
145.49303294690043,-52.85019938020977,-0.062132835,15.974501,2.728945006934625,8.154474919783198,5309511074681228160,no
323.40407663074456,-43.74044503120356,0.37768173,17.96692,11.74668447526914,13.316496517172649,6577824327440492032,no
